dataset,seed,cell_id,family,sym,augmented,cost_selected,sigma_selected,eps_selected,cv_mape_min,n_failed_lhs,elapsed_sec,MAPE,RMSPE,MAAPE,MASE,MSE,R2
boston_ablation,1,A1,A,FALSE,FALSE,73.18433971148863,5.54910272138126,7.07208660005336,NA,NA,489.31,12.367749426807423,20.34963468994923,7.483889240547525,0.292917699050975,28.64425931142138,0.674511675425057
boston_ablation,1,A2,A,FALSE,TRUE,6.4026864007820485,2.470271065048374,7.5673376005483375,13.572412663164176,0,1098.51,12.660815886254998,18.36979258587157,7.816621632602042,0.31925329514780365,30.150663328283343,0.6573942169405969
boston_ablation,1,A3,A,TRUE,FALSE,315.6295389195483,3.1644870688083393,5.443292534683516,NA,NA,675.7799999999997,14.49509834929255,23.28632627914737,8.696288306171267,0.3176709495742874,27.928364058723364,0.6826464833053543
boston_ablation,1,A4,A,TRUE,TRUE,6.4026864007820485,2.470271065048374,7.5673376005483375,13.57304912738404,0,1500.5500000000002,12.664000599192201,18.37154688816887,7.81861989769584,0.31929520468298667,30.15161829211999,0.6573833655663008
boston_ablation,1,B1,B,FALSE,FALSE,521770.48106263124,16.702928402940255,NA,NA,NA,375.72999999999956,12.93969457624451,20.934294354934668,7.8301494356671535,0.29784036213905674,27.983340965700016,0.6820217737903485
boston_ablation,1,B2,B,FALSE,TRUE,183672.2324385205,3.8664319188216565,NA,13.758870557965427,0,797.4499999999998,14.810042768236173,24.14122840506679,8.834699166503958,0.3232784812426093,29.073295451937856,0.6696364837491064
boston_ablation,1,B3,B,TRUE,FALSE,233496.56231933812,3.2063594128422443,NA,NA,NA,542.6400000000003,14.490259344108406,23.70230286146537,8.658432975763601,0.3116961018766794,26.979551373962764,0.6934279612881011
boston_ablation,1,B4,B,TRUE,TRUE,183672.2324385205,3.8664319188216565,NA,13.758870557965656,0,1404.0599999999995,14.81004276823567,24.14122840507123,8.834699166503238,0.3232784812425672,29.073295451935387,0.6696364837491345
boston_ablation,2,A1,A,FALSE,FALSE,7.153312248481075,3.9800578599215544,2.5337357348839364,NA,NA,307.47000000000025,12.305177032520078,18.04387810739517,7.590948991254883,0.2883615711438483,24.05685564837044,0.7454103284582565
boston_ablation,2,A2,A,FALSE,TRUE,46.948822378413915,3.2951288309733813,8.952605599547264,11.844307379449184,0,698.3599999999997,13.498280695673179,20.058168933418916,8.261841373088027,0.3228578414033042,28.346258855834098,0.7000162931919625
boston_ablation,2,A3,A,TRUE,FALSE,28.596907672354497,2.950147438371588,2.9911898026700783,NA,NA,427.16000000000076,13.2266005888243,19.984983887345127,8.094704842374314,0.3179532681054475,30.768984236497605,0.6743769965226677
boston_ablation,2,A4,A,TRUE,TRUE,46.948822378413915,3.2951288309733813,8.952605599547264,11.844246832811473,0,1101.92,13.49777687060685,20.057323689443525,8.261553802441265,0.322815628413912,28.324254828031858,0.7002491581304502
boston_ablation,2,B1,B,FALSE,FALSE,13111.9193502155,3.6539361662937764,NA,NA,NA,246.26999999999862,11.918811491962956,17.99818517183935,7.3324594201104585,0.28005561697494813,23.199516635935414,0.7544834035419714
boston_ablation,2,B2,B,FALSE,TRUE,24438.439835507557,2.5054855164580085,NA,12.146434616907927,0,579.0699999999997,12.63747315828089,19.9650070851444,7.701690403050693,0.29231312101195495,27.181437885929952,0.712343398299438
boston_ablation,2,B3,B,TRUE,FALSE,25857.566485671625,2.883198525159061,NA,NA,NA,396.8200000000015,13.007820379508239,19.345324045748228,7.987320716489859,0.31286762495587844,29.036638176451063,0.6927101245453134
boston_ablation,2,B4,B,TRUE,TRUE,24438.439835507557,2.5054855164580085,NA,12.14643461690775,0,1035.17,12.63747315828071,19.965007085144222,7.701690403050582,0.2923131210119467,27.181437885928908,0.7123433982994491
boston_ablation,3,A1,A,FALSE,FALSE,9.797176418669908,4.563284242662677,5.48291443801513,NA,NA,303.53000000000003,11.088448109805258,17.30638874693619,6.818313494586747,0.3432154921172298,30.908408421583506,0.7598956034207032
boston_ablation,3,A2,A,FALSE,TRUE,47.28898489351652,2.7462598461706076,9.89186102437952,13.530299943963719,0,891.81,11.599496424344927,16.952433961665246,7.173157634946198,0.34388760865037105,25.50013843445592,0.8019084234949456
boston_ablation,3,A3,A,TRUE,FALSE,47.18262094284081,3.301465994724618,3.0747325425961916,NA,NA,610.3500000000001,11.369816825304977,18.488205955327285,6.941421578013476,0.3461599963367658,32.746304079284606,0.7456183613884062
boston_ablation,3,A4,A,TRUE,TRUE,47.28898489351652,2.7462598461706076,9.89186102437952,13.53097351008393,0,1448.06,11.595634403210758,16.950895578269193,7.17068248829981,0.34387267801982363,25.50551735104096,0.8018666386995823
boston_ablation,3,B1,B,FALSE,FALSE,9542.458068498,4.865579863347416,NA,NA,NA,370.73,11.506587001225546,18.183972293966793,7.035307732655459,0.34638009691933375,30.01195661074313,0.76685946963368945
boston_ablation,3,B2,B,FALSE,TRUE,2217.3148909896327,2.7462598461706076,NA,13.730752769364967,0,790.4700000000003,12.533590149508772,17.53870535419459,7.7731295887728935,0.4273769305897438,41.711465802863714,0.6759746994917744
boston_ablation,3,B3,B,TRUE,FALSE,58388.8758091561,3.182119951819685,NA,NA,NA,335.8800000000001,11.199501845036384,17.903937947296004,6.855604647719038,0.3277307247594735,26.71356458956556,0.7924822197644849
boston_ablation,3,B4,B,TRUE,TRUE,2217.3148909896327,2.7462598461706076,NA,13.730752769364996,0,1464.71,12.5335901495084,17.53870535419421,7.773129588772668,0.4273769305897339,41.71146580286221,0.675974699491786
boston_ablation,4,A1,A,FALSE,FALSE,14.937352751036038,5.429817674997472,5.312318007440666,NA,NA,422.66,10.848573903362967,14.879301743538068,6.780215887657412,0.2604843580576061,19.814842276625907,0.7649238342693024
boston_ablation,4,A2,A,FALSE,TRUE,56.2632196912859,4.3121877788847245,4.640525772820544,13.580758755172294,0,917.22,11.974352362040614,16.68001933108053,7.43928242804316,0.29171249152745843,24.927554708885623,0.7042684518907585
boston_ablation,4,A3,A,TRUE,FALSE,40.33130445277625,2.774433780655385,4.049880898106756,NA,NA,624.31,10.918499036283318,15.409463877429246,6.802214216057583,0.2641807393140096,20.493224702837786,0.7568757490296287
boston_ablation,4,A4,A,TRUE,TRUE,56.2632196912859,4.3121877788847245,4.640525772820544,13.57742988493187,0,1473.28,11.971547358981335,16.67235733225908,7.437823528748182,0.29172484125611814,24.932931263580326,0.7042046663786243
boston_ablation,4,B1,B,FALSE,FALSE,13475.682059883316,3.4732039350458943,NA,NA,NA,364.6600000000003,10.309156809776635,14.044361811003839,6.45881483927218,0.23434810081176682,12.984200368085542,0.8459601143931788
boston_ablation,4,B2,B,FALSE,TRUE,24081.967781250005,2.728768851131078,NA,13.441977042716482,0,788.8699999999994,10.707270880825456,14.609921031239487,6.697274981769604,0.24195238377389547,13.725614520400834,0.837164243413658
boston_ablation,4,B3,B,TRUE,FALSE,81646.45052162155,3.2316871425785347,NA,NA,NA,496.02999999999975,10.92674406711275,14.884180978993752,6.831475087176721,0.24806867863012583,14.315425803609193,0.8301669343750249
boston_ablation,4,B4,B,TRUE,TRUE,24081.967781250005,2.728768851131078,NA,13.441977042716125,0,1451.4899999999998,10.70727088082565,14.609921031239704,6.697274981769727,0.2419523837738917,13.725614520399615,0.8371642434136725
boston_ablation,5,A1,A,FALSE,FALSE,12.347346717200699,3.767951796919872,1.020524909666642,NA,NA,311.75,9.894447001157056,15.48643564570907,6.12039775663341,0.26497916345506917,28.857874034607804,0.738584812761783
boston_ablation,5,A2,A,FALSE,TRUE,39.03494217056603,3.293093084498025,4.087865174747062,12.794286970983691,0,701.8299999999999,11.450497430703884,17.754170745369958,7.038681521746369,0.2819758249536347,26.4359623587252,0.7605242145855626
boston_ablation,5,A3,A,TRUE,FALSE,29.42861660330692,2.83402320077997,1.0096911391528223,NA,NA,445.65999999999985,11.241015205478046,16.933924441958297,6.939069143410722,0.2902356217895875,28.635530256645193,0.7405989611456052
boston_ablation,5,A4,A,TRUE,TRUE,39.03494217056603,3.293093084498025,4.087865174747062,12.795781178415691,0,1107.9800000000005,11.444485735372204,17.738782321100636,7.035530935627521,0.2819936099960641,26.448413901667518,0.7604114196365733
boston_ablation,5,B1,B,FALSE,FALSE,6533.870702526276,3.839485250535574,NA,NA,NA,262.53999999999905,9.716998113587657,14.499474683533228,6.0490976343040055,0.2589340288493265,23.21094535787665,0.7897387167388468
boston_ablation,5,B2,B,FALSE,TRUE,6736.476163890957,1.8288853090279735,NA,13.078524722181566,0,583.3899999999994,13.576344120891346,28.019484489788777,7.757143696875978,0.2860874290281956,20.77742847731458,0.8117832467765268
boston_ablation,5,B3,B,TRUE,FALSE,36416.513754295134,3.1621705878344293,NA,NA,NA,393.8299999999999,11.115207282715472,16.027237105348288,6.9000292833973615,0.27613698859830704,21.04450073155106,0.8093639159809306
boston_ablation,5,B4,B,TRUE,TRUE,6736.476163890957,1.8288853090279735,NA,13.078524722181596,0,1103.0600000000013,13.576344120891248,28.019484489788955,7.757143696875903,0.2860874290281932,20.7774284773144,0.8117832467765285
boston_ablation,6,A1,A,FALSE,FALSE,69.75123650723049,6.157879049247808,1.0956224888677424,NA,NA,539.24,11.69161877237384,17.605332829372525,7.218204624788281,0.23729440816846187,12.367622389170931,0.8720886375361093
boston_ablation,6,A2,A,FALSE,TRUE,133.4470311498089,4.744283967041651,3.6648092963267898,14.353702586166646,0,970.03,14.524170059442781,22.052401312089113,8.818230640813038,0.30462117816579176,21.238008070710226,0.7803472273925273
boston_ablation,6,A3,A,TRUE,FALSE,23.745911719474595,2.2491094256024367,5.0604209361142845,NA,NA,628.7500000000002,13.926644977959116,23.959440300568932,8.265583371341023,0.27608637786031454,15.822557145002618,0.8363561905114306
boston_ablation,6,A4,A,TRUE,TRUE,133.4470311498089,4.744283967041651,3.6648092963267898,14.357192328909129,0,1501.7800000000002,14.521804814024872,22.05396590310574,8.81645969431014,0.3046282992655186,21.24568736991956,0.7802678047198643
boston_ablation,6,B1,B,FALSE,FALSE,59267.9095454465,4.936277828487277,NA,NA,NA,363.78999999999996,11.44738955160828,17.05292117612302,7.079361850120906,0.23478498789466343,11.156794424100465,0.8846115501742858
boston_ablation,6,B2,B,FALSE,TRUE,6277.237537837913,2.551236220266257,NA,13.499738896760828,0,779.75,13.820641733329687,21.421221051287407,8.384719561450265,0.2806622434160662,16.260714185255633,0.8318245786762422
boston_ablation,6,B3,B,TRUE,FALSE,12513.484276493837,2.363964561307249,NA,NA,NA,532.6800000000003,13.756943376667818,22.672943639176278,8.249729178521324,0.2746322533431464,15.646213886050173,0.8381800096582441
boston_ablation,6,B4,B,TRUE,TRUE,6277.237537837913,2.551236220266257,NA,13.499738896760872,0,1428.5,13.820641733329694,21.421221051287766,8.384719561450243,0.28066224341606466,16.260714185255452,0.831824578676244
boston_ablation,7,A1,A,FALSE,FALSE,13.945372581212135,5.834512922860911,3.97351852563565,NA,NA,474.06,11.128497767782124,16.820840213851298,6.8554390698743095,0.2713788144751618,18.90660653887777,0.8104224122239361
boston_ablation,7,A2,A,FALSE,TRUE,4.371382418205387,2.1533081040321713,1.6220400336068885,12.972356247608868,0,953.61,13.611689531657891,21.75040721481381,8.21427261247736,0.34135718511476704,33.891190671728864,0.6601711596846737
boston_ablation,7,A3,A,TRUE,FALSE,15.225539299447693,2.320283084870951,1.0671290100362232,NA,NA,601.97,13.33325850445851,21.19837828104192,8.065806758032643,0.32657230808072785,30.50101496608607,0.694164638688491
boston_ablation,7,A4,A,TRUE,TRUE,4.371382418205387,2.1533081040321713,1.6220400336068885,12.975927096154225,0,1496.45,13.613921075887792,21.76030699855561,8.215074953792586,0.34139819336381944,33.903380596039575,0.6600489306404903
boston_ablation,7,B1,B,FALSE,FALSE,22974.177571596745,4.145382165830675,NA,NA,NA,339.30999999999995,11.093459927857536,16.45957605327871,6.862933337634305,0.2569768026333636,15.217343616099425,0.8474148552693767
boston_ablation,7,B2,B,FALSE,TRUE,8908.898603341622,2.8151754787117547,NA,12.751645888281413,0,773.1399999999999,13.299840526509563,18.129788822304594,8.244402188770506,0.3315850136098592,27.315382520264638,0.7261071511313313
boston_ablation,7,B3,B,TRUE,FALSE,38893.31032068516,2.8412176605862687,NA,NA,NA,525.79,12.87468350514154,17.441178333188915,7.999042906073491,0.31225551309011956,24.5194453470485,0.7541421675570343
boston_ablation,7,B4,B,TRUE,TRUE,8908.898603341622,2.8151754787117547,NA,12.75164588828148,0,1459.9300000000003,13.299840526509307,18.12978882230441,8.244402188770351,0.3315850136098546,27.31538252026428,0.7261071511313348
boston_ablation,8,A1,A,FALSE,FALSE,182.3781516627589,7.20047927862808,1.2309567569917546,NA,NA,519.18,10.034982368929791,14.0151438352526,6.278331038875667,0.246099522085513,20.100106263407845,0.691293509905381
boston_ablation,8,A2,A,FALSE,TRUE,73.13509891296282,3.4744353968291413,9.371752454104021,13.617688564911168,0,973.03,12.602066486878766,18.4964969624467,7.747185723530997,0.28005647802282746,19.833929545188607,0.6953815718961753
boston_ablation,8,A3,A,TRUE,FALSE,28.003111003755226,2.661362808342493,3.31654701410294,NA,NA,662.7600000000002,11.988680042627337,17.28735226899155,7.4177319963643304,0.27992437666733433,22.74613217842168,0.6506546514725584
boston_ablation,8,A4,A,TRUE,TRUE,73.13509891296282,3.4744353968291413,9.371752454104021,13.620322482879095,0,1493.5,12.603494618507488,18.495650138518506,7.7482045997478695,0.2800646048212696,19.829988572306632,0.6954420991336939
boston_ablation,8,B1,B,FALSE,FALSE,38429.21102962047,4.988755386675761,NA,NA,NA,331.94000000000005,10.121913626224163,14.26551488294174,6.324541858859425,0.23909796821298618,15.728536976448893,0.7584340410596542
boston_ablation,8,B2,B,FALSE,TRUE,3591.914330465577,2.1614719317663393,NA,12.869450642861734,0,790.5,11.812671515417529,16.548806636290774,7.338632339896315,0.2765298566021293,19.979596212643276,0.6931443575728076
boston_ablation,8,B3,B,TRUE,FALSE,49103.92195071478,3.048572473066692,NA,NA,NA,488.6700000000001,11.776030657483664,17.151747871317742,7.278542734007363,0.2647726649782972,17.5935433244524,0.7297904331029899
boston_ablation,8,B4,B,TRUE,TRUE,3591.914330465577,2.1614719317663393,NA,12.869450642861699,0,1444.3000000000002,11.812671515417449,16.548806636290816,7.338632339896258,0.27652985660212426,19.979596212642583,0.6931443575728182
boston_ablation,9,A1,A,FALSE,FALSE,9.944659848813922,4.282347817651885,3.0880304026480587,NA,NA,325.25,11.50465473926133,23.49604850140028,6.6850690726616016,0.17167895577284933,6.096888636574523,0.9074365928479168
boston_ablation,9,A2,A,FALSE,TRUE,89.77256418951508,2.226385443102644,8.706040517719561,12.966450488437289,0,723.5899999999992,16.207761218781275,30.431523461750658,9.190938771820962,0.2522446085898338,10.726923631754962,0.8371430644707821
boston_ablation,9,A3,A,TRUE,FALSE,15.450190293752122,2.2547301538969764,1.025737093865386,NA,NA,344.10000000000036,14.105377006661673,29.606328302630757,7.884323241852707,0.21079538566319797,8.899787049744354,0.8648827850798395
boston_ablation,9,A4,A,TRUE,TRUE,89.77256418951508,2.226385443102644,8.706040517719561,12.965843976504722,0,1108.8799999999992,16.202309463012984,30.427534250927735,9.187675534654678,0.25214903196720184,10.720332640170367,0.8372431293848632
boston_ablation,9,B1,B,FALSE,FALSE,9032.954531961868,4.201814683597457,NA,NA,NA,261.35000000000036,11.606500838654206,21.644352436964308,6.885789574832504,0.17835372205459754,6.308690387844594,0.9042210032403377
boston_ablation,9,B2,B,FALSE,TRUE,7889.940310141775,2.226385443102644,NA,12.513808102742287,0,585,14.469596363117038,30.67876664535075,8.034486762995945,0.2160288850409869,9.289909855522348,0.8589599122404185
boston_ablation,9,B3,B,TRUE,FALSE,21397.031637931934,2.1509838711047164,NA,NA,NA,252.59000000000015,14.864275759571797,32.088250039842805,8.16439205999111,0.2187930800365046,9.445599624295738,0.8565962188362231
boston_ablation,9,B4,B,TRUE,TRUE,7889.940310141775,2.226385443102644,NA,12.513808102742352,0,1109.039999999999,14.469596363117324,30.678766645351878,8.03448676299603,0.21602888504098763,9.289909855522513,0.858959912240416
boston_ablation,10,A1,A,FALSE,FALSE,76.18189516009306,4.182832688225616,4.189460191893931,NA,NA,503.03000000000003,9.955227846631178,17.963243149240324,6.009169552509977,0.23171887629731308,9.80206631967322,0.9052512927099962
boston_ablation,10,A2,A,FALSE,TRUE,28.16862436661145,4.018231273284437,1.8270312703127285,14.185198279009917,0,947.71,12.954616684459703,18.655909892144706,7.992174288620316,0.3548597759957324,25.77430507349831,0.7508604811099088
boston_ablation,10,A3,A,TRUE,FALSE,86.90664392432134,3.239428460359929,3.9042426228953677,NA,NA,617.4100000000001,11.716572489272279,19.46259003044623,7.092193332216724,0.2912408537670266,14.999383346375271,0.855013000742108
boston_ablation,10,A4,A,TRUE,TRUE,28.16862436661145,4.018231273284437,1.8270312703127285,14.182019839663624,0,1474.5900000000001,12.947461242778294,18.641832052189887,7.988279363318805,0.3549899735897919,25.821978110205247,0.750399664129768
boston_ablation,10,B1,B,FALSE,FALSE,52813.57650211354,4.744580798716473,NA,NA,NA,363.03999999999996,9.199076261264132,15.189350235455477,5.653793339424285,0.22118290201417948,8.630931081977378,0.9165717170179548
boston_ablation,10,B2,B,FALSE,TRUE,11600.778659693418,2.403444153448543,NA,13.267096721618458,0,801.31,12.131303836845442,20.196201553944963,7.318271158391531,0.2977928550077038,14.387571480353342,0.8609268949680547
boston_ablation,10,B3,B,TRUE,FALSE,89546.83157877208,3.6118406991914807,NA,NA,NA,524.6099999999997,11.483785650180565,18.344494339740198,7.005863305408274,0.28704605799631816,13.5135552787305,0.8693753080427629
boston_ablation,10,B4,B,TRUE,TRUE,11600.778659693418,2.403444153448543,NA,13.267096721618588,0,1459.6100000000006,12.131303836845182,20.19620155394396,7.318271158391424,0.29779285500770725,14.387571480353852,0.8609268949680499
boston_ablation,11,A1,A,FALSE,FALSE,10.522234044404769,4.9934395459338115,6.836078673086213,NA,NA,424.47,9.545637811885282,13.56737036282601,5.971398138112863,0.21628199439571325,16.323315538985515,0.7667541824448362
boston_ablation,11,A2,A,FALSE,TRUE,5.2077349286281,1.8482723279078552,6.404227185528552,13.910239477284065,0,923.3599999999999,9.938027900583409,14.549925743476516,6.194890833023197,0.22090384842644695,17.36558033411019,0.7518611355226464
boston_ablation,11,A3,A,TRUE,FALSE,30.94195575860543,2.5820326873095243,1.9213014505532806,NA,NA,632.3100000000002,10.637782961117402,15.000609397157044,6.6318288173288265,0.229867310988985,17.695855638138777,0.7471417920092258
boston_ablation,11,A4,A,TRUE,TRUE,5.2077349286281,1.8482723279078552,6.404227185528552,13.910312774320547,0,1477.2299999999998,9.935765329556551,14.549509636571148,6.193376334333576,0.2208469588419482,17.362351361282347,0.7519072747034579
boston_ablation,11,B1,B,FALSE,FALSE,5119.010628672801,4.8261309694080445,NA,NA,NA,363.7000000000003,9.769488350858719,13.847806503757228,6.107673132324533,0.22122882413733433,16.393645372220334,0.7657492310051489
boston_ablation,11,B2,B,FALSE,TRUE,4777.192847710324,2.5058743522277767,NA,13.185272509462289,0,779.6400000000003,10.413361135085927,14.438079741724497,6.50921465485949,0.23380574428724776,18.169302285540894,0.740376655963285
boston_ablation,11,B3,B,TRUE,FALSE,31328.505367455724,2.5731565015220075,NA,NA,NA,419.8599999999997,10.407387513279334,14.226973873053328,6.51066314092756,0.22892320665390728,16.00603181664499,0.771287887686122
boston_ablation,11,B4,B,TRUE,TRUE,4777.192847710324,2.5058743522277767,NA,13.185272509462342,0,1445.5,10.413361135086026,14.438079741724815,6.509214654859545,0.23380574428725268,18.169302285541875,0.740376655963271
boston_ablation,12,A1,A,FALSE,FALSE,154.03427937163073,5.269844606195776,1.864546739599044,NA,NA,485.16000000000076,12.263933911772282,22.407539853493496,7.26464961515102,0.21398144649330073,9.374393851342887,0.8539139379699909
boston_ablation,12,A2,A,FALSE,TRUE,6.621153449374402,2.49822312281748,4.996847514892995,12.734324711550128,0,737,14.12820811928937,23.13150030251365,8.453160524757259,0.25455400574397347,14.292741345018754,0.7772687672592098
boston_ablation,12,A3,A,TRUE,FALSE,504.0177630311537,4.0135518546068,1.7269412062784124,NA,NA,554.5900000000001,15.79931911088887,26.188994492910293,9.333911197668854,0.2670055330413741,15.173846131083682,0.7635380524553315
boston_ablation,12,A4,A,TRUE,TRUE,6.621153449374402,2.49822312281748,4.996847514892995,12.733415469276645,0,1112.3600000000006,14.136713283519676,23.143554086738067,8.457972699910846,0.2546517600102745,14.2987873884653,0.777174548615106
boston_ablation,12,B1,B,FALSE,FALSE,533451.5310835392,7.979983962014386,NA,NA,NA,260.1100000000006,12.320165562230665,19.65793024085065,7.489504976778306,0.22365180180796887,9.780131722847534,0.8475911133901317
boston_ablation,12,B2,B,FALSE,TRUE,12936.26173259755,2.3421644392011993,NA,12.606134044308664,0,585.4899999999998,13.932478013819216,24.181562174600963,8.23637753929519,0.2416483398792733,12.22725738710876,0.8094562795807668
boston_ablation,12,B3,B,TRUE,FALSE,320826.4084281489,4.024716186883173,NA,NA,NA,394.5100000000002,14.853679162967234,23.656238268610178,8.907288040975601,0.2636826023052001,14.503490245728845,0.7739845573710706
boston_ablation,12,B4,B,TRUE,TRUE,12936.26173259755,2.3421644392011993,NA,12.606134044308678,0,1060.5200000000004,13.93247801381962,24.181562174602146,8.236377539295365,0.24164833987927833,12.227257387109102,0.8094562795807615
boston_ablation,13,A1,A,FALSE,FALSE,33.662782530980834,3.414240301865946,1.0177193645616593,NA,NA,408.28000000000003,11.068075764580907,15.483144903017479,6.901870924087758,0.2215114435724974,11.066140839814311,0.855106388117705
boston_ablation,13,A2,A,FALSE,TRUE,49.73257665564173,3.2676496467418086,2.460803161423434,12.021515349807679,0,905.6,13.544308022417537,19.124929429139183,8.35831977819512,0.2646334956931962,13.83369862633323,0.8188695961243344
boston_ablation,13,A3,A,TRUE,FALSE,35.7870323386963,2.6361590855960606,1.0017574804555522,NA,NA,649.6300000000001,13.244761011442744,18.900955133983054,8.170045223816064,0.2610732338834788,14.347202408664588,0.81214607626188
boston_ablation,13,A4,A,TRUE,TRUE,49.73257665564173,3.2676496467418086,2.460803161423434,12.025449439962197,0,1449.49,13.547289993359726,19.13151188026705,8.359857585455982,0.26469940312439966,13.846937297006978,0.8186962566703906
boston_ablation,13,B1,B,FALSE,FALSE,36227.46571492597,3.5939944591324577,NA,NA,NA,364.0799999999999,10.978294549733876,14.897085831565645,6.867190534621569,0.22301624741523401,10.462874363432894,0.8630052084883914
boston_ablation,13,B2,B,FALSE,TRUE,337511.69209776307,4.682160448081067,NA,13.30615155041238,0,810.3500000000004,14.96505321915974,21.854782042183114,9.116232168532608,0.2890431657888982,16.626110756288572,0.7823073758137576
boston_ablation,13,B3,B,TRUE,FALSE,77995.01963530233,2.8798843359955923,NA,NA,NA,423.27999999999975,13.485915544641488,18.538850177678114,8.349832673785645,0.26288658098575457,12.857663987279336,0.8316492260081272
boston_ablation,13,B4,B,TRUE,TRUE,337511.69209776307,4.682160448081067,NA,13.30615155042012,0,1467.87,14.965053219133564,21.854782042145676,9.11623216851782,0.2890431657886338,16.626110756269263,0.7823073758140104
boston_ablation,14,A1,A,FALSE,FALSE,62.65042990287946,6.427200226209521,5.989346171952273,NA,NA,488.39000000000004,9.877384828136137,14.515222479204946,6.150450378853826,0.22637243085149847,11.727025203986287,0.8915965895011799
boston_ablation,14,A2,A,FALSE,TRUE,90.84137791139416,2.574220322658654,8.649317706105784,13.417637763839114,0,1017.97,10.261443567415597,14.61412649350438,6.399478719609516,0.23013671932493326,10.845282002963987,0.8997473326361459
boston_ablation,14,A3,A,TRUE,FALSE,18.316107052714603,2.496807235930441,1.4688898159173043,NA,NA,631.1099999999999,11.307519388570626,18.958859357270715,6.859517438698498,0.25302396088650153,15.358611115917526,0.858026584190797
boston_ablation,14,A4,A,TRUE,TRUE,90.84137791139416,2.574220322658654,8.649317706105784,13.417195815647293,0,1504.02,10.2728560074521,14.644912617666419,6.405603601531904,0.23031616047107073,10.858352954229868,0.8996265061118537
boston_ablation,14,B1,B,FALSE,FALSE,24290.201679468835,4.9609896403625235,NA,NA,NA,363.6500000000001,8.89239028927594,13.05821118635177,5.552739172351688,0.20516878765364652,8.593665582696156,0.9205610424087836
boston_ablation,14,B2,B,FALSE,TRUE,7360.622175658256,2.574220322658654,NA,12.887477900658055,0,789.9599999999996,10.756685455604288,15.810761320139259,6.667208116214054,0.2524506619231601,13.130092185863635,0.8786267831480659
boston_ablation,14,B3,B,TRUE,FALSE,17826.36308371984,2.6736726293552295,NA,NA,NA,416.4399999999996,10.559800521799206,15.224228869587492,6.567417512971612,0.24873737619849218,12.818582424036538,0.8815063472317394
boston_ablation,14,B4,B,TRUE,TRUE,7360.622175658256,2.574220322658654,NA,12.887477900658006,0,1447.3700000000008,10.756685455604135,15.810761320139038,6.66720811621397,0.25245066192316085,13.130092185864283,0.8786267831480599
boston_ablation,15,A1,A,FALSE,FALSE,404.46485429726255,21.424722867105164,1.2310825989533636,NA,NA,337.99,12.68797338527245,18.698981384930747,7.808884317553451,0.2994032677123767,28.51162229740913,0.695326418458847
boston_ablation,15,A2,A,FALSE,TRUE,118.68558973758343,3.5921915825726627,3.58716217636823,12.380065506342241,0,963.98,13.781466087626601,20.495256662153068,8.444282656513826,0.3179361211163987,30.063287092391445,0.678745416314976
boston_ablation,15,A3,A,TRUE,FALSE,49.857157492806635,2.5914185590263115,1.7392162927750938,NA,NA,541,13.719613713945966,20.411133126215734,8.410143790212055,0.32620650423409375,32.0286984400061,0.6577431419360188
boston_ablation,15,A4,A,TRUE,TRUE,118.68558973758343,3.5921915825726627,3.58716217636823,12.378715058141326,0,1470.9600000000003,13.780144063478089,20.495609489688732,8.443313064486585,0.3179076561700793,30.064554906884652,0.6787318685210854
boston_ablation,15,B1,B,FALSE,FALSE,13336.705215021067,3.9203732827102495,NA,NA,NA,326.96000000000004,11.445142048846707,16.89379467640552,7.091732460403396,0.27386013568708556,23.028571050793854,0.753917993629642
boston_ablation,15,B2,B,FALSE,TRUE,34367.760206776096,3.2965769960940317,NA,12.354553500142408,0,798.9099999999999,12.789820352624389,18.77872397434059,7.881822014756616,0.3061010192208089,27.409952288084934,0.7070988018018944
boston_ablation,15,B3,B,TRUE,FALSE,34021.26855400265,2.475049497775902,NA,NA,NA,470.6099999999997,13.13627709377346,19.374796741610517,8.083813756478524,0.31436115013568033,29.405467457629676,0.6857748396862717
boston_ablation,15,B4,B,TRUE,TRUE,34367.760206776096,3.2965769960940317,NA,12.354553500142778,0,1453.5200000000004,12.789820352624174,18.778723974339968,7.8818220147565095,0.3061010192208152,27.409952288087155,0.7070988018018707
boston_ablation,16,A1,A,FALSE,FALSE,39.13436578038745,4.828156325210756,2.690630957003785,NA,NA,461.3600000000006,12.814172808021878,21.93282844448937,7.6692026318216895,0.2628273134299896,21.00334718438342,0.797531728648764
boston_ablation,16,A2,A,FALSE,TRUE,13.514051859650333,2.7610358397616905,2.1792807699717582,11.838797671124155,0,654.3800000000001,12.95594924266948,20.749341195906247,7.855438882205181,0.29048665204769075,26.48563601548319,0.7446835072230731
boston_ablation,16,A3,A,TRUE,FALSE,26.122450117022982,2.799344695152255,1.2709870700747032,NA,NA,423.7400000000007,13.136424899700602,20.992822223902685,7.957047296055377,0.2939667896743942,26.77805983609468,0.7418645972207114
boston_ablation,16,A4,A,TRUE,TRUE,13.514051859650333,2.7610358397616905,2.1792807699717582,11.8388010214311,0,1100.1500000000005,12.954485483146486,20.74699162961251,7.854592337308625,0.290463161047297,26.493182875032762,0.7446107569326684
boston_ablation,16,B1,B,FALSE,FALSE,31969.739571057802,5.184938950002438,NA,NA,NA,193.5,12.215602810667853,21.080617578615385,7.3374553488955065,0.24811235588365999,19.696278065970365,0.8101316263040502
boston_ablation,16,B2,B,FALSE,TRUE,10159.997065849082,3.1247490706873053,NA,12.126678918943512,0,583.4700000000012,12.375608291819711,18.52465438325284,7.6117016747730055,0.2815268624196728,22.21187816298683,0.7858817199161472
boston_ablation,16,B3,B,TRUE,FALSE,30256.790350110525,2.827750703385698,NA,NA,NA,376.91999999999825,12.376029643993615,19.633950932223993,7.543622294698553,0.27104846555847795,21.30867802975439,0.7945883973830485
boston_ablation,16,B4,B,TRUE,TRUE,10159.997065849082,3.1247490706873053,NA,12.126678918943517,0,1128.92,12.375608291819734,18.524654383253015,7.61170167477301,0.28152686241967134,22.211878162986743,0.785881719916148
boston_ablation,17,A1,A,FALSE,FALSE,34.086707218937065,3.5542603682724776,2.870101290835456,NA,NA,488.98,10.830906511774245,16.114470920679352,6.712327370955994,0.2165313957763317,8.787752629665869,0.8808781015666302
boston_ablation,17,A2,A,FALSE,TRUE,45.559745041773866,3.631072968822023,6.752086426963559,12.744953947437414,0,1000.2199999999999,12.876719700566728,18.326703179404973,7.953242288362532,0.27022064046609584,15.650048524137675,0.7878566262236126
boston_ablation,17,A3,A,TRUE,FALSE,95.35869411477427,3.039510528018766,1.5853444890990978,NA,NA,626.06,12.298583484492308,19.123114647086545,7.525885655470854,0.2473722235486121,13.581308362838683,0.8158993199320564
boston_ablation,17,A4,A,TRUE,TRUE,45.559745041773866,3.631072968822023,6.752086426963559,12.747350812939267,0,1489.06,12.87403374274014,18.320495663393128,7.9518101410153,0.27019132602838947,15.648264671230764,0.7878808071437811
boston_ablation,17,B1,B,FALSE,FALSE,71612.36830460366,4.062584729780909,NA,NA,NA,364.75,11.825088426115729,18.664569733332417,7.234196412578318,0.22805979033284798,10.018041541937011,0.8642009877438624
boston_ablation,17,B2,B,FALSE,TRUE,19413.903584288404,2.3149182121238328,NA,12.326300099066485,0,812.5799999999995,11.777772253355282,17.55082408223223,7.261987895953057,0.2322444417201532,10.663502499719698,0.8554514771583991
boston_ablation,17,B3,B,TRUE,FALSE,110558.6749761016,3.1241517215216743,NA,NA,NA,527.1900000000005,12.54944829464887,19.472466045309414,7.664160524904917,0.24712247523700215,12.87534971650894,0.8254689036140506
boston_ablation,17,B4,B,TRUE,TRUE,19413.903584288404,2.3149182121238328,NA,12.326300099066636,0,1461.25,11.777772253355232,17.55082408223116,7.261987895953086,0.2322444417201587,10.663502499720146,0.855451477158393
boston_ablation,18,A1,A,FALSE,FALSE,172.27522465694162,17.452199909946547,3.7142857142857144,NA,NA,257.78999999999996,11.587227050977873,17.083054379352443,7.162157413411109,0.25568128872959645,15.081199214706592,0.7953989290787425
boston_ablation,18,A2,A,FALSE,TRUE,116.73095733314778,3.5125972458160515,1.677315464560319,13.323563332732533,0,955.23,10.312091987401782,14.734075646465339,6.437977297283212,0.22605089488989133,11.767409376737879,0.8403558943706814
boston_ablation,18,A3,A,TRUE,FALSE,45.62525910385699,2.6712777489666357,2.754579680362058,NA,NA,666.5,10.622524938930326,16.208648134327277,6.572164320202026,0.23261951335070388,12.314174875125367,0.8329381283880011
boston_ablation,18,A4,A,TRUE,TRUE,116.73095733314778,3.5125972458160515,1.677315464560319,13.326607063135214,0,1502.56,10.310361211318385,14.734776226073091,6.436888617587845,0.225994512792766,11.767178070485926,0.8403590324173438
boston_ablation,18,B1,B,FALSE,FALSE,544835.6264489079,14.365605246177559,NA,NA,NA,364.52,9.816371313567835,14.29755633751262,6.12841773256378,0.21818433526419426,10.616308819592874,0.8559724513418443
boston_ablation,18,B2,B,FALSE,TRUE,12376.833277577298,3.5125972458160515,NA,13.765497399817896,0,779.5099999999998,11.044228167795907,15.574392856759717,6.8847517728260215,0.2614631127016409,15.29961730678229,0.7924357313309344
boston_ablation,18,B3,B,TRUE,FALSE,20595.487307132786,2.240158744009967,NA,NA,NA,491.6899999999996,10.747093044687379,17.829481251105207,6.559394484088315,0.22774437433210504,11.47384984509179,0.8443385083325314
boston_ablation,18,B4,B,TRUE,TRUE,12376.833277577298,3.5125972458160515,NA,13.765497399818065,0,1444.9099999999999,11.044228167796069,15.574392856759959,6.884751772826119,0.2614631127016423,15.299617306782482,0.7924357313309317
boston_ablation,19,A1,A,FALSE,FALSE,942.6205403018527,22.357525416046325,1.2442328785439578,NA,NA,407.70000000000005,11.69475724628228,18.678027929827532,7.14144221904764,0.2223932329470731,14.23478360495092,0.7426449032354352
boston_ablation,19,A2,A,FALSE,TRUE,39.81200232172577,2.8091666036748197,4.522854014493905,13.023148978011736,0,965.3300000000002,10.755983427707996,16.751006316096504,6.630893695986773,0.19262990885938444,8.360357859759532,0.8488504802253211
boston_ablation,19,A3,A,TRUE,FALSE,44.06294812559392,2.8254122613895998,3.8022599686311724,NA,NA,620.81,10.316647820182663,15.811957743428678,6.386651631710803,0.18988935702052545,8.50472197418715,0.8462404763314136
boston_ablation,19,A4,A,TRUE,TRUE,39.81200232172577,2.8091666036748197,4.522854014493905,13.022318436643978,0,1506.93,10.756472302231392,16.75803240431539,6.630799353597342,0.19263908245735425,8.367665738177136,0.8487183588099556
boston_ablation,19,B1,B,FALSE,FALSE,10731.887486456193,4.0628073563103255,NA,NA,NA,271.82000000000016,9.779581289508235,16.48796366095726,5.982220403719164,0.184275547693176,9.978772692099135,0.8195906532169848
boston_ablation,19,B2,B,FALSE,TRUE,58997.56091287543,2.217591270645207,NA,13.476481456889466,0,775.5799999999999,12.416087916289428,18.749410482811292,7.625198559405492,0.21885884030202585,9.438445555208043,0.8293593962100825
boston_ablation,19,B3,B,TRUE,FALSE,34349.39933238048,2.959184822555559,NA,NA,NA,460.75,10.711426112860488,15.599688406050314,6.654844112982587,0.1973224430580027,8.042149897628978,0.8546034613143263
boston_ablation,19,B4,B,TRUE,TRUE,58997.56091287543,2.217591270645207,NA,13.47648145688905,0,1442.88,12.416087916289746,18.74941048281175,7.625198559405656,0.21885884030203365,9.43844555520807,0.829359396210082
boston_ablation,20,A1,A,FALSE,FALSE,16.3178386408062,3.9053813110273334,2.104321184608714,NA,NA,341.6700000000001,11.814087550222807,22.070886176818334,6.9864857758089665,0.21877980939360628,13.90904576741316,0.8313671340286144
boston_ablation,20,A2,A,FALSE,TRUE,8.193493838198934,2.6833784085264045,7.786606314711765,13.163805186270258,0,738.8499999999995,14.39867095124604,23.876321183165953,8.570514450940182,0.27398767424294357,15.802947350394211,0.8084055263708062
boston_ablation,20,A3,A,TRUE,FALSE,44.11090463782887,2.6860212321150736,1.2141110499317986,NA,NA,344.21000000000004,14.162799612396915,25.708872259351345,8.26734115355602,0.2509798322534968,14.208301560786543,0.8277389655015308
boston_ablation,20,A4,A,TRUE,TRUE,8.193493838198934,2.6833784085264045,7.786606314711765,13.161312048570881,0,1123.8700000000008,14.395304261917442,23.864702147992453,8.569191177681631,0.2739255312142824,15.792687489319551,0.8085299166277957
boston_ablation,20,B1,B,FALSE,FALSE,21779.070036706325,4.550915512953755,NA,NA,NA,177.91999999999825,12.736693615794634,23.37874607760566,7.498066211712428,0.2296433041556384,14.447751919654017,0.8248358763213728
boston_ablation,20,B2,B,FALSE,TRUE,4837.794778573541,2.3911189980455028,NA,12.74383007626854,0,581.380000000001,13.681847810711018,23.773281275393053,8.100560071245384,0.2568071476641055,13.68294098407664,0.8341084218395444
boston_ablation,20,B3,B,TRUE,FALSE,24754.074105776646,2.603698883314035,NA,NA,NA,396.64999999999964,13.449998673928256,23.901409274181443,7.936432661489253,0.2417483120557016,12.193128036341875,0.8521708706472397
boston_ablation,20,B4,B,TRUE,TRUE,4837.794778573541,2.3911189980455028,NA,12.743830076268633,0,1126.4099999999999,13.681847810711146,23.773281275393504,8.100560071245436,0.2568071476641066,13.682940984076748,0.8341084218395431
boston_ablation,21,A1,A,FALSE,FALSE,22.654869988445526,5.603863689172839,1.1590091752345462,NA,NA,468.75,10.325060379142952,14.859898927654157,6.431812922432551,0.24159815623403677,15.465689615150401,0.8007872153172173
boston_ablation,21,A2,A,FALSE,TRUE,39.28018554714461,2.752506655078885,3.6106168377511905,12.728834700749553,0,931.8000000000001,9.246964711937098,12.890739486874686,5.800007179073181,0.20208516014522074,7.516028722874913,0.9031864049455043
boston_ablation,21,A3,A,TRUE,FALSE,13.717128641052506,2.347208311374937,2.6023183548324313,NA,NA,576.47,9.268872515937135,13.550578770266425,5.7922398981616645,0.22251634547966037,13.413793915375306,0.8272175825625546
boston_ablation,21,A4,A,TRUE,TRUE,39.28018554714461,2.752506655078885,3.6106168377511905,12.727275910786814,0,1456.6999999999998,9.248161331160276,12.893584174160882,5.800723784629078,0.20211964834358512,7.5195948836142845,0.9031404694050147
boston_ablation,21,B1,B,FALSE,FALSE,46115.33347431275,8.542938677499203,NA,NA,NA,363.07000000000016,10.347220387944263,14.199531383825677,6.47189261570945,0.2410618635096103,12.22828459796146,0.8424880695738834
boston_ablation,21,B2,B,FALSE,TRUE,4533.466299620239,2.260804648431906,NA,13.083909991056881,0,802.2299999999996,9.410794477844453,13.055293249001085,5.898448582696249,0.21977840578463118,9.959936545659172,0.8717065488899454
boston_ablation,21,B3,B,TRUE,FALSE,15544.559131843831,2.4710979505842063,NA,NA,NA,416.3000000000002,9.352819392632348,12.899647616897028,5.865603132282824,0.214072946975975,8.821248148107102,0.8863739379432021
boston_ablation,21,B4,B,TRUE,TRUE,4533.466299620239,2.260804648431906,NA,13.083909991056805,0,1463.7399999999998,9.410794477844814,13.055293249001007,5.898448582696484,0.219778405784643,9.959936545659998,0.8717065488899347
boston_ablation,22,A1,A,FALSE,FALSE,4.725868368697933,3.374740087183003,3.974952402424044,NA,NA,393.17,9.538049960901256,13.08001362932636,5.984003358339547,0.22577552570544987,16.10580189541461,0.8173749768892689
boston_ablation,22,A2,A,FALSE,TRUE,10.167233532802923,2.6426497592432727,2.966050993920911,13.003961642444418,0,906.29,10.35677378998675,14.247347566514417,6.478914273911316,0.24450104672850997,17.752900072383014,0.798698394090859
boston_ablation,22,A3,A,TRUE,FALSE,91.2447990815434,2.917539973537204,3.5831488655672787,NA,NA,656.6899999999998,9.898561782196321,13.396131646670328,6.210549356391066,0.23251453484166282,15.737381137696074,0.8215525304087851
boston_ablation,22,A4,A,TRUE,TRUE,10.167233532802923,2.6426497592432727,2.966050993920911,13.005618985374173,0,1454.83,10.352665647203802,14.242818565672307,6.47643057991984,0.2444048608168853,17.74231367692415,0.7988184341067419
boston_ablation,22,B1,B,FALSE,FALSE,30274.43658791493,3.2811387094874167,NA,NA,NA,364.5,9.278714680430275,12.757274809337583,5.8290490415750025,0.21060484155769824,12.169021669823604,0.8620144542868591
boston_ablation,22,B2,B,FALSE,TRUE,75933.77569995615,3.1521897460498556,NA,13.61582285496444,0,808.7800000000002,9.897228811513937,12.73817544029373,6.229808988404105,0.22669429371126726,11.856232715021031,0.8655611941803794
boston_ablation,22,B3,B,TRUE,FALSE,102628.41362449757,2.8406262396400868,NA,NA,NA,306.78000000000065,9.722703015193312,12.518983601281034,6.122051822353481,0.22249735420523842,11.562791568878442,0.8688885476672732
boston_ablation,22,B4,B,TRUE,TRUE,75933.77569995615,3.1521897460498556,NA,13.615822854964405,0,1459.1499999999996,9.89722881151432,12.738175440293412,6.22980898840434,0.22669429371131883,11.85623271502947,0.8655611941802837
boston_ablation,23,A1,A,FALSE,FALSE,24.977239723851437,3.9082104379114337,1.0205595242796421,NA,NA,431.3800000000001,10.34438054497073,18.682304202710224,6.232036233235553,0.2133946335958112,17.513794612006233,0.7929604796296262
boston_ablation,23,A2,A,FALSE,TRUE,6.606793991323249,2.3719480213683886,5.446021045737988,13.196620400787396,0,683.6700000000001,10.993328540007392,21.869273439634192,6.456975867817468,0.23353773557571308,19.4091422872022,0.770554605728452
boston_ablation,23,A3,A,TRUE,FALSE,11.088979118152556,2.3580790408608236,1.1485382329918332,NA,NA,458,11.076634309748762,21.95950966398946,6.505108129711026,0.23538649001857043,19.971808978259933,0.763903035099371
boston_ablation,23,A4,A,TRUE,TRUE,6.606793991323249,2.3719480213683886,5.446021045737988,13.193181917301466,0,1108.67,10.989612035905084,21.88188190801629,6.453770762382846,0.23346439470938177,19.409550521272912,0.7705497797847847
boston_ablation,23,B1,B,FALSE,FALSE,18820.15938064131,4.3634759268559655,NA,NA,NA,187.10000000000036,8.989224305548618,13.87816072625376,5.589541585524758,0.1914658062168259,11.604291914828972,0.8628197323590299
boston_ablation,23,B2,B,FALSE,TRUE,27083.115376778034,1.2641264984523708,NA,15.466265015916472,0,577.6899999999987,14.055804577276485,38.322995270179824,7.352951205124308,0.24010227314509106,15.749384631173474,0.8138184721013371
boston_ablation,23,B3,B,TRUE,FALSE,11709.188890514992,2.2083299264815444,NA,NA,NA,389.9400000000005,10.876614951963568,21.431137459356275,6.405672113293975,0.22095515564882162,13.209656748046253,0.8438418938921496
boston_ablation,23,B4,B,TRUE,TRUE,27083.115376778034,1.2641264984523708,NA,15.46626501591641,0,1117.9300000000003,14.055804577276454,38.322995270180066,7.352951205124264,0.24010227314508992,15.74938463117352,0.8138184721013364
boston_ablation,24,A1,A,FALSE,FALSE,198.13820484953644,4.318744189999756,5.01041305003383,NA,NA,512.52,10.73444191928977,16.781999810720798,6.602265067596711,0.2268488745680328,11.431329350901454,0.8123695840203211
boston_ablation,24,A2,A,FALSE,TRUE,5.879999234076187,2.5166121662588083,5.687633766468573,12.708475507273699,0,910.27,12.235444631522578,16.772956257073872,7.610833477379917,0.25930076481562747,12.645504264821081,0.7924404806608011
boston_ablation,24,A3,A,TRUE,FALSE,44.609293461029914,2.495871517431092,5.29399039344322,NA,NA,632.6900000000003,11.663173722286778,16.92832214484174,7.229895420555631,0.2453630702339998,12.358428047323583,0.7971524637078717
boston_ablation,24,A4,A,TRUE,TRUE,5.879999234076187,2.5166121662588083,5.687633766468573,12.70715486456618,0,1452.2599999999998,12.241656757095926,16.77711008217256,7.614709714052404,0.2594302966721767,12.651847460748012,0.7923363653428117
boston_ablation,24,B1,B,FALSE,FALSE,296937.75979973446,5.0378521489612,NA,NA,NA,366.1300000000001,10.863200950787522,17.49741906207365,6.653447674045073,0.2259720247766595,11.945426657649058,0.8039313448131306
boston_ablation,24,B2,B,FALSE,TRUE,14600.698995659155,1.9726722310373475,NA,13.185761043265929,0,810.3600000000001,12.093209126876264,18.04394582707855,7.449238430356846,0.24379519825327323,11.576788048373944,0.8099820685287417
boston_ablation,24,B3,B,TRUE,FALSE,20814.120187058736,2.2852512891453634,NA,NA,NA,523.9399999999996,12.071927679229804,17.565841967901562,7.4676567505354114,0.24645282460185752,11.971787347396374,0.8034986683473431
boston_ablation,24,B4,B,TRUE,TRUE,14600.698995659155,1.9726722310373475,NA,13.185761043265991,0,1462.7299999999996,12.093209126876369,18.043945827078947,7.4492384303568935,0.24379519825327323,11.576788048373999,0.8099820685287407
boston_ablation,25,A1,A,FALSE,FALSE,16.378653929579006,3.3907691845273815,1.2836765919780198,NA,NA,439.53999999999996,10.393543283461607,16.730734339067805,6.380186051856613,0.18847805712120824,9.847792994170057,0.846873301767833
boston_ablation,25,A2,A,FALSE,TRUE,19.025165489321104,2.5188095364441163,7.166941908636111,13.197354124216277,0,972.1299999999999,12.30538100085354,19.967117140997377,7.45171482643321,0.22583234837783397,13.06276959198041,0.796882532099154
boston_ablation,25,A3,A,TRUE,FALSE,52.90621856709813,2.6240496701942804,1.2699913349131582,NA,NA,498.64999999999986,12.297168017370696,20.797110093175153,7.394906454854499,0.2226209680615802,13.66228277750168,0.7875604967253533
boston_ablation,25,A4,A,TRUE,TRUE,19.025165489321104,2.5188095364441163,7.166941908636111,13.196049160596672,0,1494.1900000000003,12.302040933898766,19.960826070952542,7.449909284396194,0.22576575039237345,13.060841107461599,0.79691251876389535
boston_ablation,25,B1,B,FALSE,FALSE,17142.808468206615,3.0250851179878353,NA,NA,NA,371.99000000000024,10.969155248713955,18.71623236685306,6.651309327120865,0.1938617426175281,9.119391645319627,0.8581994632339964
boston_ablation,25,B2,B,FALSE,TRUE,28427.21887062464,3.0246089538582592,NA,12.789432996551357,0,773.5399999999995,12.508134899856133,20.824198324231034,7.532435808244046,0.22263633046376335,11.442183684302336,0.8220815761277229
boston_ablation,25,B3,B,TRUE,FALSE,56279.19677434985,3.011220381629627,NA,NA,NA,527.9499999999998,12.512276209963389,20.847655772543618,7.533678943381021,0.222646828778326,11.431303164505572,0.8222507610478887
boston_ablation,25,B4,B,TRUE,TRUE,28427.21887062464,3.0246089538582592,NA,12.789432996551383,0,1445.92,12.508134899858927,20.82419832423511,7.532435808245613,0.22263633046379208,11.442183684302266,0.822081576127724
boston_ablation,26,A1,A,FALSE,FALSE,56.88325156104166,5.704906983821771,4.7385210008231375,NA,NA,495.55,10.21386575359112,18.446503244443647,6.164984669565277,0.25598299898037724,23.630432248259194,0.7585241581010408
boston_ablation,26,A2,A,FALSE,TRUE,12.960260485094134,2.9147417049644555,1.4449732463840477,12.795450581224344,0,984.06,11.136186539976123,19.69311725144169,6.708175844332216,0.27667143351479234,27.291809935764,0.7211090888246241
boston_ablation,26,A3,A,TRUE,FALSE,10.785552562735065,2.1639738795588928,1.3372895920079282,NA,NA,627.4599999999998,11.467806798520163,21.812587338822294,6.7871301414087,0.28665621263061675,31.110482846180624,0.6820866432640893
boston_ablation,26,A4,A,TRUE,TRUE,12.960260485094134,2.9147417049644555,1.4449732463840477,12.796932455413087,0,1496.44,11.139203092643845,19.70485247499653,6.7093385577111775,0.2767476832074568,27.30172576332045,0.7210077604704848
boston_ablation,26,B1,B,FALSE,FALSE,95176.66161585215,5.317445528831679,NA,NA,NA,345.2000000000003,10.19133114756495,18.491924219129473,6.152639506617649,0.23919038549963687,18.20976766873599,0.8139171161832469
boston_ablation,26,B2,B,FALSE,TRUE,39903.840741353655,3.488217581032492,NA,12.975737917561784,0,775.6399999999999,10.246932939545001,15.38132277057051,6.356778524646232,0.2569395913007975,19.817187197794954,0.7974911371750577
boston_ablation,26,B3,B,TRUE,FALSE,13295.819073373355,2.4030756215279054,NA,NA,NA,531.6999999999998,10.843422328413567,19.079439300971657,6.54175903948514,0.2698846316913441,23.74598796630341,0.7573433115550356
boston_ablation,26,B4,B,TRUE,TRUE,39903.840741353655,3.488217581032492,NA,12.97573791756163,0,1438.87,10.24693293954588,15.381322770571815,6.356778524646728,0.2569395913007786,19.817187197787476,0.7974911371751342
boston_ablation,27,A1,A,FALSE,FALSE,12.882719711319437,4.045117336905614,1.0334551993693881,NA,NA,348.28999999999996,9.895498619407492,13.62591141974244,6.200859676102878,0.24466141721327966,15.066610716719696,0.8409407502289681
boston_ablation,27,A2,A,FALSE,TRUE,31.30604219495582,2.572873330996697,2.9245678071421812,12.50759468518659,0,713.71,11.794495884472061,17.3296830852964,7.284501426979726,0.26230803163427485,13.052902754963807,0.8621996042391407
boston_ablation,27,A3,A,TRUE,FALSE,20.536405991939443,2.597290983788859,1.718365426489806,NA,NA,455.380000000001,11.521873647067897,16.702118131833867,7.143124727857438,0.2874829066928994,20.381090551974523,0.7848354196133145
boston_ablation,27,A4,A,TRUE,TRUE,31.30604219495582,2.572873330996697,2.9245678071421812,12.509635801254982,0,1103.1000000000004,11.79492507011712,17.328318324798765,7.284856567518294,0.26232088736527115,13.04992976616638,0.8622309902871768
boston_ablation,27,B1,B,FALSE,FALSE,21949.476600371032,4.529909805310119,NA,NA,NA,258.8600000000006,9.401448902350262,12.99071348639789,5.897349802554065,0.2271065236886486,11.110047845520352,0.8827104576832472
boston_ablation,27,B2,B,FALSE,TRUE,6585.1089538254,3.0239850439793394,NA,12.858032819452468,0,578.6100000000006,11.344330160197618,15.624491794519832,7.075000156978504,0.29182868448652755,18.729554621467233,0.8022707984795698
boston_ablation,27,B3,B,TRUE,FALSE,22694.38031839769,2.5676614726244487,NA,NA,NA,358.77999999999884,10.944028089719195,15.692147253498009,6.797689940018831,0.2634508594665967,14.600039282659473,0.8458663770777364
boston_ablation,27,B4,B,TRUE,TRUE,6585.1089538254,3.0239850439793394,NA,12.858032819452566,0,1067.6900000000005,11.344330160197488,15.62449179451972,7.075000156978423,0.29182868448652927,18.729554621467905,0.8022707984795627
boston_ablation,28,A1,A,FALSE,FALSE,165.5895123483118,4.232504218942297,8.59379973555993,NA,NA,464.64,13.788072319904392,22.89713115231,8.249523584908884,0.2780855319427189,22.348431864978398,0.7499213290073607
boston_ablation,28,A2,A,FALSE,TRUE,10.41462999735794,2.356925858902733,7.034148900318652,13.592976451553099,0,954.18,13.481896877162484,19.77407998182561,8.271741659337298,0.2888468279682509,19.79954140658361,0.7784433811223495
boston_ablation,28,A3,A,TRUE,FALSE,132.72966879774498,3.333490563648125,4.309509404795188,NA,NA,640.9899999999998,14.527353773467366,22.327441626739237,8.789956878030452,0.30234628344111625,22.80418360982662,0.7448214727247002
boston_ablation,28,A4,A,TRUE,TRUE,10.41462999735794,2.356925858902733,7.034148900318652,13.588278525177719,0,1473.94,13.473278241095759,19.76391775936132,8.266747019043057,0.2887278255341334,19.799430813908106,0.7784446186529949
boston_ablation,28,B1,B,FALSE,FALSE,28547.20114714919,3.907849030368857,NA,NA,NA,360.5799999999999,12.659136361970646,21.267575679188646,7.6164538783627656,0.261623859108015,20.725671440433096,0.7680799977122413
boston_ablation,28,B2,B,FALSE,TRUE,37135.86505992564,3.3779801176028483,NA,13.197468252672573,0,808.6700000000001,14.149085665308572,21.456598213545576,8.598523416657683,0.2942297578928796,21.036648786832732,0.7646001651241523
boston_ablation,28,B3,B,TRUE,FALSE,48040.771346927046,3.1760635900803447,NA,NA,NA,498.59000000000015,14.013362790513659,20.939888772496204,8.544392579337519,0.2943073690670736,20.800650203327137,0.7672409863001433
boston_ablation,28,B4,B,TRUE,TRUE,37135.86505992564,3.3779801176028483,NA,13.197468252672433,0,1481.75,14.14908566530902,21.45659821354721,8.598523416657857,0.2942297578928744,21.036648786830757,0.7646001651241744
boston_ablation,29,A1,A,FALSE,FALSE,1008.2788983749452,12.343406028167852,1.2551923205002682,NA,NA,549.09,10.943996562495412,16.87574864323137,6.746285715633348,0.2657279200457539,14.86805935656233,0.8463805637056441
boston_ablation,29,A2,A,FALSE,TRUE,4.9286342535652805,2.151888161345201,2.2517123543881272,13.422497637458381,0,938.0999999999999,11.975836350580483,17.650601447418733,7.4029376057837215,0.3215427856059791,24.637017992520843,0.7454459438706447
boston_ablation,29,A3,A,TRUE,FALSE,19.825415473185117,2.5416330725780143,1.2845244924010464,NA,NA,534.81,11.631927095632719,16.962145616794125,7.207421202521067,0.3016675270465162,19.525995365622244,0.7982539395883451
boston_ablation,29,A4,A,TRUE,TRUE,4.9286342535652805,2.151888161345201,2.2517123543881272,13.426252268876521,0,1488.3200000000002,11.978976758670235,17.652247869542286,7.404913591544275,0.32159260092348024,24.640568984649324,0.7454092543877753
boston_ablation,29,B1,B,FALSE,FALSE,30223.677538746997,4.621054703712491,NA,NA,NA,362.75,10.145044823209249,15.04091568812881,6.304730937160683,0.24448496160938038,10.3195866895245,0.8933761930849575
boston_ablation,29,B2,B,FALSE,TRUE,1818.171682323754,1.8504419561331524,NA,13.792497429001145,0,778.3600000000001,11.9137013163256,18.421104437926967,7.3184515748581,0.3213541166389105,25.510920067441127,0.7364166320481526
boston_ablation,29,B3,B,TRUE,FALSE,80842.65482432541,3.5881745458379095,NA,NA,NA,527.3599999999997,11.36169890552505,17.265727713551573,6.99719505525544,0.27512773490089454,12.636915784173073,0.869433136315326
boston_ablation,29,B4,B,TRUE,TRUE,1818.171682323754,1.8504419561331524,NA,13.792497429001116,0,1452.3900000000003,11.913701316325644,18.421104437926804,7.318451574858137,0.3213541166389138,25.510920067441564,0.736416632048148
boston_ablation,30,A1,A,FALSE,FALSE,10.122369935254401,3.2167955137096467,1.2994804381594833,NA,NA,366.41000000000076,11.435497107019426,21.55998374722031,6.756783779837932,0.2474358159722558,14.529908380963448,0.8154056740684588
boston_ablation,30,A2,A,FALSE,TRUE,106.63375257679802,3.950185281494929,9.880952373067405,13.42751181047938,0,736.2400000000007,13.06823684804371,18.96128226816803,8.046023036562854,0.28614849634423856,17.29902110447509,0.780225652059869
boston_ablation,30,A3,A,TRUE,FALSE,35.7870323386963,2.6348813245576386,1.0017574804555522,NA,NA,347.33999999999924,12.21097951387999,19.733823777245007,7.416639919611139,0.27230628703978493,18.275885330687263,0.7678151406762924
boston_ablation,30,A4,A,TRUE,TRUE,106.63375257679802,3.950185281494929,9.880952373067405,13.422774635906936,0,1113.8099999999995,13.062225876993367,18.95278606979691,8.042580409251345,0.28598328729328154,17.283949659116402,0.7804171263089734
boston_ablation,30,B1,B,FALSE,FALSE,15824.770859782695,3.6280527217900813,NA,NA,NA,259.75,11.035828116850343,17.42527183166132,6.75270586784387,0.24244546213866489,13.268161343436487,0.8314354615785824
boston_ablation,30,B2,B,FALSE,TRUE,19412.89312536088,2.208306132131212,NA,12.646333630515588,0,577.5900000000001,12.187301411715975,19.10525401326631,7.439779784482366,0.26274789601123405,16.14992269906035,0.7948243019628822
boston_ablation,30,B3,B,TRUE,FALSE,29739.82784494808,2.4950828843858277,NA,NA,NA,307.97999999999956,11.701959651052505,17.193473622761157,7.235868274196973,0.2600586614989279,15.782736550346108,0.7994891957692402
boston_ablation,30,B4,B,TRUE,TRUE,19412.89312536088,2.208306132131212,NA,12.64633363051548,0,1091.2800000000007,12.187301411716074,19.10525401326628,7.439779784482435,0.26274789601123416,16.149922699060056,0.794824301962886
