dataset,seed,model_id,label,abbrev,family,MAPE,RMSPE,MAAPE,MASE,MSE,R2,cost_selected,epsilon_selected,sigma_selected,gamma_selected,sym_type_selected,mtry_selected,xgb_trees_selected,xgb_lr_selected,xgb_depth_selected
diabetes,1,m1,SVR-MAPE,SVR-MAPE,psvr,34.50016512683754,44.308163573297556,19.843286664034384,0.545536125725592,4020.7310364475234,0.29981576227897944,100,1,7.071,0.010000191803678796,NA,NA,NA,NA,NA
diabetes,1,m2,SVR-MAPE + Sym. Kernel,SVR-MAPE+SK,psvr,35.34260961352379,44.44396929010067,20.392777512304924,0.5627445513271644,4294.759023506392,0.25209556525665777,100,0.01,7.071,0.010000191803678796,odd,NA,NA,NA,NA
diabetes,1,m3a,LS-RMSPE (MAPE opt.),LS-RMSPE-M,psvr,43.92096017941566,49.65009674991266,25.377790614581006,0.7973072949966714,9418.758375396073,-0.6402156954975051,100,NA,2.236,0.10000608036968646,NA,NA,NA,NA,NA
diabetes,1,m3b,LS-RMSPE (RMSPE opt.),LS-RMSPE-R,psvr,43.92096017941566,49.65009674991266,25.377790614581006,0.7973072949966714,9418.758375396073,-0.6402156954975051,100,NA,2.236,0.10000608036968646,NA,NA,NA,NA,NA
diabetes,1,m4a,LS-RMSPE + Sym. Kernel (MAPE opt.),LS-RMSPE+SK-M,psvr,43.97765372307528,49.71801376764686,25.404876576645794,0.7990228261388044,9458.687808625271,-0.6471691473734904,100,NA,2.236,0.10000608036968646,odd,NA,NA,NA,NA
diabetes,1,m4b,LS-RMSPE + Sym. Kernel (RMSPE opt.),LS-RMSPE+SK-R,psvr,43.97765372307528,49.71801376764686,25.404876576645794,0.7990228261388044,9458.687808625271,-0.6471691473734904,100,NA,2.236,0.10000608036968646,odd,NA,NA,NA,NA
diabetes,1,b1,ε-SVR (MSE),SVR-MSE,baseline,44.27182938468902,66.86147150979079,22.42808220820556,0.5214359206869231,3638.6568360068973,0.3663515067402041,1,NA,0.266,7.0665385267680465,NA,NA,NA,NA,NA
diabetes,1,b2,Random Forest,RF,baseline,43.36785638481071,62.76484498592909,22.526176616036636,0.5029966805332431,3116.7066041356184,0.457245755054312,NA,NA,NA,NA,NA,3,NA,NA,NA
diabetes,1,b3,XGBoost,XGB,baseline,42.55820794613932,61.38657242682225,22.3003607112541,0.5005814330249344,3110.884960485346,0.4582595565457819,NA,NA,NA,NA,NA,NA,100,0.05,3
diabetes,1,b4,Linear Regression,LR,baseline,37.87897550329159,58.17165306349308,20.08548862492155,0.4649621421924902,2771.9797482775457,0.5172777016339098,NA,NA,NA,NA,NA,NA,NA,NA,NA
diabetes,1,b5,WLS (1/y²),WLS,baseline,37.349230433026314,44.391652535543535,21.748137346465576,0.6275929880330561,5418.4547901854185,0.056411234051639725,NA,NA,NA,NA,NA,NA,NA,NA,NA
diabetes,1,b6,Log-SVR,Log-SVR,baseline,41.43006529476589,62.854083945067885,21.362728434407092,0.5176074358159665,3926.614936052169,0.31620547087058404,1,0.1,NA,0.224,NA,NA,NA,NA,NA
diabetes,1,b7a,QR (τ = 0.5),QR,baseline,38.12765191888613,58.41464030541138,20.223845236579248,0.46949865731483065,2827.063395284858,0.5076852416953843,NA,NA,NA,NA,NA,NA,NA,NA,NA
diabetes,2,m1,SVR-MAPE,SVR-MAPE,psvr,34.997859396089545,42.03693593112609,20.492517050902478,0.6456056027649478,4764.028578914214,0.28484402011715715,100,1,7.071,0.010000191803678796,NA,NA,NA,NA,NA
diabetes,2,m2,SVR-MAPE + Sym. Kernel,SVR-MAPE+SK,psvr,36.162089663312145,43.62445170401521,21.060536186100645,0.6663091366329476,5029.675036657186,0.24496628856230585,100,0.1,7.071,0.010000191803678796,odd,NA,NA,NA,NA
diabetes,2,m3a,LS-RMSPE (MAPE opt.),LS-RMSPE-M,psvr,44.63782992153643,51.22932300010601,25.5834469631168,0.936534726415875,10807.465088061334,-0.6223713097169672,100,NA,2.236,0.10000608036968646,NA,NA,NA,NA,NA
diabetes,2,m3b,LS-RMSPE (RMSPE opt.),LS-RMSPE-R,psvr,44.63782992153643,51.22932300010601,25.5834469631168,0.936534726415875,10807.465088061334,-0.6223713097169672,100,NA,2.236,0.10000608036968646,NA,NA,NA,NA,NA
diabetes,2,m4a,LS-RMSPE + Sym. Kernel (MAPE opt.),LS-RMSPE+SK-M,psvr,44.68439386028366,51.221194641322874,25.61602891400076,0.9384017983284519,10853.491285550388,-0.6292805693530772,100,NA,2.236,0.10000608036968646,odd,NA,NA,NA,NA
diabetes,2,m4b,LS-RMSPE + Sym. Kernel (RMSPE opt.),LS-RMSPE+SK-R,psvr,44.68439386028366,51.221194641322874,25.61602891400076,0.9384017983284519,10853.491285550388,-0.6292805693530772,100,NA,2.236,0.10000608036968646,odd,NA,NA,NA,NA
diabetes,2,b1,ε-SVR (MSE),SVR-MSE,baseline,38.055134244348274,54.57396817818294,20.519689292664648,0.5595496526282073,3665.4398753867663,0.44975954649262184,1,NA,0.266,7.0665385267680465,NA,NA,NA,NA,NA
diabetes,2,b2,Random Forest,RF,baseline,38.83953441057233,52.420847668165415,21.407603093136213,0.5381788245645801,3033.5828609217842,0.5446112701631252,NA,NA,NA,NA,NA,3,NA,NA,NA
diabetes,2,b3,XGBoost,XGB,baseline,36.704968749519054,48.902597394243685,20.550534792543033,0.5128246130111415,2698.372898055234,0.59493158321107,NA,NA,NA,NA,NA,NA,100,0.05,3
diabetes,2,b4,Linear Regression,LR,baseline,37.668538920041186,54.8460435566182,20.202824477666674,0.5152921376801036,2914.8348950422055,0.5624372165215451,NA,NA,NA,NA,NA,NA,NA,NA,NA
diabetes,2,b5,WLS (1/y²),WLS,baseline,37.01287014249474,42.16121073155044,21.861285284089988,0.7536284881115318,6737.411213877405,-0.011391900514648778,NA,NA,NA,NA,NA,NA,NA,NA,NA
diabetes,2,b6,Log-SVR,Log-SVR,baseline,38.22503001336411,53.027853835770756,20.894681154902063,0.6003184843797182,4393.565724542936,0.3404563493128123,1,0.1,NA,0.224,NA,NA,NA,NA,NA
diabetes,2,b7a,QR (τ = 0.5),QR,baseline,38.7966221669428,56.72881872304749,20.67411157536507,0.5322723379664773,3084.2311162194624,0.5370081666034436,NA,NA,NA,NA,NA,NA,NA,NA,NA
diabetes,3,m1,SVR-MAPE,SVR-MAPE,psvr,34.36215017494561,42.664205178988475,19.968174788148488,0.6717616150313525,5777.567773742681,0.14433919952096685,100,0.01,7.071,0.010000191803678796,NA,NA,NA,NA,NA
diabetes,3,m2,SVR-MAPE + Sym. Kernel,SVR-MAPE+SK,psvr,35.70215891570776,44.25922368083563,20.65411610238138,0.6952431656674098,6074.8603107227555,0.10031001974658127,100,1,7.071,0.010000191803678796,odd,NA,NA,NA,NA
diabetes,3,m3a,LS-RMSPE (MAPE opt.),LS-RMSPE-M,psvr,45.52227387994224,51.9705071735873,26.051811967342168,1.0151387857078584,13022.13294620122,-0.9285846807942937,100,NA,2.236,0.10000608036968646,NA,NA,NA,NA,NA
diabetes,3,m3b,LS-RMSPE (RMSPE opt.),LS-RMSPE-R,psvr,45.52227387994224,51.9705071735873,26.051811967342168,1.0151387857078584,13022.13294620122,-0.9285846807942937,100,NA,2.236,0.10000608036968646,NA,NA,NA,NA,NA
diabetes,3,m4a,LS-RMSPE + Sym. Kernel (MAPE opt.),LS-RMSPE+SK-M,psvr,45.48064647454284,51.94255517718952,26.029648088826324,1.0170543538304149,13100.042606733585,-0.9401231421515348,100,NA,2.236,0.10000608036968646,odd,NA,NA,NA,NA
diabetes,3,m4b,LS-RMSPE + Sym. Kernel (RMSPE opt.),LS-RMSPE+SK-R,psvr,45.48064647454284,51.94255517718952,26.029648088826324,1.0170543538304149,13100.042606733585,-0.9401231421515348,100,NA,2.236,0.10000608036968646,odd,NA,NA,NA,NA
diabetes,3,b1,ε-SVR (MSE),SVR-MSE,baseline,37.631040339214856,55.74070419963484,20.21142912422207,0.5884486188212823,4138.689329203586,0.38705795188511904,1,NA,0.266,7.0665385267680465,NA,NA,NA,NA,NA
diabetes,3,b2,Random Forest,RF,baseline,37.88289385450079,56.594331231832584,20.25195090481143,0.5778289771849208,3909.156426292979,0.4210518945149839,NA,NA,NA,NA,NA,2,NA,NA,NA
diabetes,3,b3,XGBoost,XGB,baseline,38.151750647435776,57.96074336444802,20.312563727153393,0.5834105410542951,4067.376645187171,0.39761939757981235,NA,NA,NA,NA,NA,NA,100,0.05,3
diabetes,3,b4,Linear Regression,LR,baseline,35.11131103494164,52.1756549970533,19.123087051675626,0.5503851177497526,3570.2214686799152,0.4712483385029794,NA,NA,NA,NA,NA,NA,NA,NA,NA
diabetes,3,b5,WLS (1/y²),WLS,baseline,38.31066398599676,43.90316741408348,22.472480945891583,0.7960563284756483,7860.369043073545,-0.16412475471490184,NA,NA,NA,NA,NA,NA,NA,NA,NA
diabetes,3,b6,Log-SVR,Log-SVR,baseline,36.156123551217064,53.992847672716174,19.62046344206597,0.6037869103849316,4635.27432323287,0.31351345528430796,1,0.1,NA,0.224,NA,NA,NA,NA,NA
diabetes,3,b7a,QR (τ = 0.5),QR,baseline,35.349740425915755,52.6263070376114,19.247731418598473,0.5576623388297056,3654.0893678508246,0.458827458895956,NA,NA,NA,NA,NA,NA,NA,NA,NA
diabetes,4,m1,SVR-MAPE,SVR-MAPE,psvr,36.30635838378984,51.689688378032606,20.01914335488605,0.5917801725263517,4000.9647065914064,0.30152735556987265,100,1,7.071,0.010000191803678796,NA,NA,NA,NA,NA
diabetes,4,m2,SVR-MAPE + Sym. Kernel,SVR-MAPE+SK,psvr,37.31893575192415,55.96816009116004,20.247414118942885,0.58943557890476594,3808.1489778277123,0.3351883653097051,100,1,7.071,0.010000191803678796,odd,NA,NA,NA,NA
diabetes,4,m3a,LS-RMSPE (MAPE opt.),LS-RMSPE-M,psvr,43.26186550162839,52.44109435346566,24.532208655664014,0.8801799429223893,9221.946407012738,-0.6099310456519123,100,NA,2.236,0.10000608036968646,NA,NA,NA,NA,NA
diabetes,4,m3b,LS-RMSPE (RMSPE opt.),LS-RMSPE-R,psvr,43.26186550162839,52.44109435346566,24.532208655664014,0.8801799429223893,9221.946407012738,-0.6099310456519123,100,NA,2.236,0.10000608036968646,NA,NA,NA,NA,NA
diabetes,4,m4a,LS-RMSPE + Sym. Kernel (MAPE opt.),LS-RMSPE+SK-M,psvr,43.33224616369035,52.52010759657946,24.56528421161574,0.8819667078151896,9261.230072521683,-0.6167890330982242,100,NA,2.236,0.10000608036968646,odd,NA,NA,NA,NA
diabetes,4,m4b,LS-RMSPE + Sym. Kernel (RMSPE opt.),LS-RMSPE+SK-R,psvr,43.33224616369035,52.52010759657946,24.56528421161574,0.8819667078151896,9261.230072521683,-0.6167890330982242,100,NA,2.236,0.10000608036968646,odd,NA,NA,NA,NA
diabetes,4,b1,ε-SVR (MSE),SVR-MSE,baseline,43.761937598793686,78.01775135947912,21.088582511076048,0.5490697904131405,3348.458308453126,0.41543935001070875,1,NA,0.266,7.0665385267680465,NA,NA,NA,NA,NA
diabetes,4,b2,Random Forest,RF,baseline,51.149585931409305,77.71919377849215,25.028816114491036,0.6226824497101184,3791.2851053450026,0.3381323936808941,NA,NA,NA,NA,NA,2,NA,NA,NA
diabetes,4,b3,XGBoost,XGB,baseline,50.84508192304612,76.73078294001701,25.067356503047982,0.6353634198540256,4015.666560251467,0.298960763920851,NA,NA,NA,NA,NA,NA,100,0.05,3
diabetes,4,b4,Linear Regression,LR,baseline,45.52788376369,78.19646838539227,22.12981780592167,0.5444402164067674,3017.1408648543293,0.47327944307502245,NA,NA,NA,NA,NA,NA,NA,NA,NA
diabetes,4,b5,WLS (1/y²),WLS,baseline,36.33834192214069,49.31246174037534,20.464279705502616,0.6571898053551092,5132.126514983146,0.10405358673504295,NA,NA,NA,NA,NA,NA,NA,NA,NA
diabetes,4,b6,Log-SVR,Log-SVR,baseline,44.52508952693378,86.32339127911028,20.766122067173082,0.5637314678058573,3723.165445228506,0.35002445537813054,1,0.01,NA,0.224,NA,NA,NA,NA,NA
diabetes,4,b7a,QR (τ = 0.5),QR,baseline,44.41991585292174,78.71981684981334,21.507506320899218,0.5333308203880734,2958.319309718748,0.4835482782630349,NA,NA,NA,NA,NA,NA,NA,NA,NA
diabetes,5,m1,SVR-MAPE,SVR-MAPE,psvr,32.668847048631974,40.97933193236167,19.044156957701915,0.5337244979692888,3503.5721067437703,0.33376091535096586,100,0.01,7.071,0.010000191803678796,NA,NA,NA,NA,NA
diabetes,5,m2,SVR-MAPE + Sym. Kernel,SVR-MAPE+SK,psvr,34.06838918277229,42.71472873490175,19.75422908724917,0.5489064305974549,3704.39921516629,0.2955716431420131,100,0.01,7.071,0.010000191803678796,odd,NA,NA,NA,NA
diabetes,5,m3a,LS-RMSPE (MAPE opt.),LS-RMSPE-M,psvr,43.50822913977076,50.79707902180085,24.879426240766595,0.8163212320787999,8579.460201748601,-0.6314696936288393,100,NA,2.236,0.10000608036968646,NA,NA,NA,NA,NA
diabetes,5,m3b,LS-RMSPE (RMSPE opt.),LS-RMSPE-R,psvr,43.50822913977076,50.79707902180085,24.879426240766595,0.8163212320787999,8579.460201748601,-0.6314696936288393,100,NA,2.236,0.10000608036968646,NA,NA,NA,NA,NA
diabetes,5,m4a,LS-RMSPE + Sym. Kernel (MAPE opt.),LS-RMSPE+SK-M,psvr,43.60357544120295,50.84959988701235,24.93587544062757,0.8184027260101376,8627.928721236616,-0.6406864647053736,100,NA,2.236,0.10000608036968646,odd,NA,NA,NA,NA
diabetes,5,m4b,LS-RMSPE + Sym. Kernel (RMSPE opt.),LS-RMSPE+SK-R,psvr,43.60357544120295,50.84959988701235,24.93587544062757,0.8184027260101376,8627.928721236616,-0.6406864647053736,100,NA,2.236,0.10000608036968646,odd,NA,NA,NA,NA
diabetes,5,b1,ε-SVR (MSE),SVR-MSE,baseline,42.391945027978636,65.37891353856372,21.62556096825663,0.5330290685891628,3533.684634297991,0.32803471871993983,1,NA,0.266,7.0665385267680465,NA,NA,NA,NA,NA
diabetes,5,b2,Random Forest,RF,baseline,40.76142514900748,59.813563266151505,21.380047717524494,0.5034530770260373,2950.3230407430583,0.43896672818574767,NA,NA,NA,NA,NA,3,NA,NA,NA
diabetes,5,b3,XGBoost,XGB,baseline,38.94525452406199,54.611115321942094,21.05241300717581,0.501847157922999,2936.466176616501,0.44160174872778646,NA,NA,NA,NA,NA,NA,100,0.05,3
diabetes,5,b4,Linear Regression,LR,baseline,39.82250529389863,59.8190359990371,20.85141269960414,0.48118356043440946,2692.8296174632865,0.48793166380070285,NA,NA,NA,NA,NA,NA,NA,NA,NA
diabetes,5,b5,WLS (1/y²),WLS,baseline,35.166467889098534,41.33791941078805,20.721641914211624,0.6381511056791085,5269.382733005394,-0.0020255390050369915,NA,NA,NA,NA,NA,NA,NA,NA,NA
diabetes,5,b6,Log-SVR,Log-SVR,baseline,43.18479952163703,66.85906616277599,21.962283905605354,0.5727582250309692,4314.543115966197,0.17954671156127722,1,0.1,NA,0.224,NA,NA,NA,NA,NA
diabetes,5,b7a,QR (τ = 0.5),QR,baseline,39.56473344681281,60.07549554956794,20.710055748890202,0.4794213652226195,2686.8700259510733,0.4890649394042894,NA,NA,NA,NA,NA,NA,NA,NA,NA
diabetes,6,m1,SVR-MAPE,SVR-MAPE,psvr,35.615997139842975,48.090206739406696,19.965125084448907,0.5688879985987141,4422.4544441403705,0.2583984080086642,100,0.1,7.071,0.010000191803678796,NA,NA,NA,NA,NA
diabetes,6,m2,SVR-MAPE + Sym. Kernel,SVR-MAPE+SK,psvr,35.05698183173495,47.68474843809477,19.683689974289486,0.5464151922982095,4061.578453450835,0.3189137197178459,100,1,7.071,0.010000191803678796,odd,NA,NA,NA,NA
diabetes,6,m3a,LS-RMSPE (MAPE opt.),LS-RMSPE-M,psvr,39.82602135472425,45.49206874819119,23.27960334847007,0.8185897580369359,9984.490457200613,-0.674299670422394,100,NA,2.236,0.10000608036968646,NA,NA,NA,NA,NA
diabetes,6,m3b,LS-RMSPE (RMSPE opt.),LS-RMSPE-R,psvr,39.82602135472425,45.49206874819119,23.27960334847007,0.8185897580369359,9984.490457200613,-0.674299670422394,100,NA,2.236,0.10000608036968646,NA,NA,NA,NA,NA
diabetes,6,m4a,LS-RMSPE + Sym. Kernel (MAPE opt.),LS-RMSPE+SK-M,psvr,39.900509533828156,45.55804176843873,23.31961323020711,0.8205954137090768,10035.537262209953,-0.6828597115351198,100,NA,2.236,0.10000608036968646,odd,NA,NA,NA,NA
diabetes,6,m4b,LS-RMSPE + Sym. Kernel (RMSPE opt.),LS-RMSPE+SK-R,psvr,39.900509533828156,45.55804176843873,23.31961323020711,0.8205954137090768,10035.537262209953,-0.6828597115351198,100,NA,2.236,0.10000608036968646,odd,NA,NA,NA,NA
diabetes,6,b1,ε-SVR (MSE),SVR-MSE,baseline,39.598483831369045,59.17401538751533,20.866346423562696,0.51932753028309675,3637.7141391940568,0.3899915463436535,1,NA,0.266,7.0665385267680465,NA,NA,NA,NA,NA
diabetes,6,b2,Random Forest,RF,baseline,43.54329558505994,63.04636676614904,22.61929807985906,0.5353724423852275,3579.891969214239,0.3996877487242667,NA,NA,NA,NA,NA,2,NA,NA,NA
diabetes,6,b3,XGBoost,XGB,baseline,42.11747479556443,61.14213132637819,22.066153823939636,0.5321860672568973,3702.4219807497334,0.3791406853753524,NA,NA,NA,NA,NA,NA,100,0.05,3
diabetes,6,b4,Linear Regression,LR,baseline,40.89470691154361,63.81392103314993,20.976325694787988,0.4963567329439367,3219.325429265685,0.460151168624261,NA,NA,NA,NA,NA,NA,NA,NA,NA
diabetes,6,b5,WLS (1/y²),WLS,baseline,37.78096726380724,46.37318087595001,21.71450472691414,0.655927323986626,5949.856736437772,0.0022682463786678486,NA,NA,NA,NA,NA,NA,NA,NA,NA
diabetes,6,b6,Log-SVR,Log-SVR,baseline,38.47571953003176,57.787834567192256,20.432892943457105,0.5370794767915329,3957.338391759439,0.3363937405244005,1,0.1,NA,0.224,NA,NA,NA,NA,NA
diabetes,6,b7a,QR (τ = 0.5),QR,baseline,40.608215827196794,64.51026087134531,20.769869908939775,0.48914458959822904,3139.2598356823946,0.4735773717463241,NA,NA,NA,NA,NA,NA,NA,NA,NA
diabetes,7,m1,SVR-MAPE,SVR-MAPE,psvr,36.09133493405678,46.168051242811124,20.612026281767413,0.5426314712753557,3579.7585672934383,0.36143452202758,100,0.01,7.071,0.010000191803678796,NA,NA,NA,NA,NA
diabetes,7,m2,SVR-MAPE + Sym. Kernel,SVR-MAPE+SK,psvr,38.262752340562685,50.56850208607664,21.37938349591224,0.5501484000999001,3688.301651267599,0.34207235974886374,100,0.1,7.071,0.010000191803678796,odd,NA,NA,NA,NA
diabetes,7,m3a,LS-RMSPE (MAPE opt.),LS-RMSPE-M,psvr,43.602239783028075,50.7918364771581,24.944506531469553,0.8211731318607575,9349.22321446627,-0.6677357085369944,100,NA,2.236,0.10000608036968646,NA,NA,NA,NA,NA
diabetes,7,m3b,LS-RMSPE (RMSPE opt.),LS-RMSPE-R,psvr,43.602239783028075,50.7918364771581,24.944506531469553,0.8211731318607575,9349.22321446627,-0.6677357085369944,100,NA,2.236,0.10000608036968646,NA,NA,NA,NA,NA
diabetes,7,m4a,LS-RMSPE + Sym. Kernel (MAPE opt.),LS-RMSPE+SK-M,psvr,43.65686701511823,50.865549296582536,24.969692742281584,0.8235671137824946,9423.4740673936,-0.6809807446192035,100,NA,2.236,0.10000608036968646,odd,NA,NA,NA,NA
diabetes,7,m4b,LS-RMSPE + Sym. Kernel (RMSPE opt.),LS-RMSPE+SK-R,psvr,43.65686701511823,50.865549296582536,24.969692742281584,0.8235671137824946,9423.4740673936,-0.6809807446192035,100,NA,2.236,0.10000608036968646,odd,NA,NA,NA,NA
diabetes,7,b1,ε-SVR (MSE),SVR-MSE,baseline,45.82124312335857,70.20981561617428,22.771918114996566,0.5601683061927244,4190.225244896443,0.2525380871307059,1,NA,0.266,7.0665385267680465,NA,NA,NA,NA,NA
diabetes,7,b2,Random Forest,RF,baseline,43.86943856913378,64.08495222345239,22.5932564027644,0.5292447263584797,3368.114897190537,0.39918800143646627,NA,NA,NA,NA,NA,3,NA,NA,NA
diabetes,7,b3,XGBoost,XGB,baseline,42.75301748572094,61.42189424878916,22.351286833102304,0.5273127951108938,3397.7817778618055,0.39389595576364234,NA,NA,NA,NA,NA,NA,100,0.05,3
diabetes,7,b4,Linear Regression,LR,baseline,45.9800886723535,70.29118352207713,22.9257973616417,0.529824205776186,3392.6461581763297,0.3948120592878026,NA,NA,NA,NA,NA,NA,NA,NA,NA
diabetes,7,b5,WLS (1/y²),WLS,baseline,37.70497950950484,43.842592971195685,22.04766687287857,0.6229027235258748,4761.746574513647,0.15058881201677687,NA,NA,NA,NA,NA,NA,NA,NA,NA
diabetes,7,b6,Log-SVR,Log-SVR,baseline,43.77381371401768,66.26572824396588,22.32642695911169,0.5689403724685969,4458.6839845287595,0.20464980635237484,1,0.1,NA,0.224,NA,NA,NA,NA,NA
diabetes,7,b7a,QR (τ = 0.5),QR,baseline,46.26025011380455,70.79032839027032,23.08028688073966,0.536028358690939,3478.6642461067345,0.379467957052695,NA,NA,NA,NA,NA,NA,NA,NA,NA
diabetes,8,m1,SVR-MAPE,SVR-MAPE,psvr,34.46008102392374,45.368486853959446,19.594083471590228,0.47849926127609205,2945.40445410387,0.44990624857011396,100,1,7.071,0.010000191803678796,NA,NA,NA,NA,NA
diabetes,8,m2,SVR-MAPE + Sym. Kernel,SVR-MAPE+SK,psvr,36.12551057726548,47.61192708118563,20.36105157065356,0.502645929547895,3226.344247174717,0.39743697750584617,100,1,7.071,0.010000191803678796,odd,NA,NA,NA,NA
diabetes,8,m3a,LS-RMSPE (MAPE opt.),LS-RMSPE-M,psvr,41.16046584411372,47.21569716963068,23.887088435656025,0.7372935827535484,7976.03998049684,-0.4896323485601457,100,NA,2.236,0.10000608036968646,NA,NA,NA,NA,NA
diabetes,8,m3b,LS-RMSPE (RMSPE opt.),LS-RMSPE-R,psvr,41.16046584411372,47.21569716963068,23.887088435656025,0.7372935827535484,7976.03998049684,-0.4896323485601457,100,NA,2.236,0.10000608036968646,NA,NA,NA,NA,NA
diabetes,8,m4a,LS-RMSPE + Sym. Kernel (MAPE opt.),LS-RMSPE+SK-M,psvr,41.142036816004,47.19467389213889,23.879623171370138,0.7384100620430174,8007.941595891271,-0.4955904027297673,100,NA,2.236,0.10000608036968646,odd,NA,NA,NA,NA
diabetes,8,m4b,LS-RMSPE + Sym. Kernel (RMSPE opt.),LS-RMSPE+SK-R,psvr,41.142036816004,47.19467389213889,23.879623171370138,0.7384100620430174,8007.941595891271,-0.4955904027297673,100,NA,2.236,0.10000608036968646,odd,NA,NA,NA,NA
diabetes,8,b1,ε-SVR (MSE),SVR-MSE,baseline,40.71789291921644,62.75795367240511,21.1120490765853,0.45008439508529513,2436.9771458151345,0.544861861527195,1,NA,0.266,7.0665385267680465,NA,NA,NA,NA,NA
diabetes,8,b2,Random Forest,RF,baseline,43.924160795068794,65.36955782495406,22.351642467597735,0.4760362870915562,2638.8991464904725,0.5071502220635686,NA,NA,NA,NA,NA,2,NA,NA,NA
diabetes,8,b3,XGBoost,XGB,baseline,41.505309389610616,61.990624743107006,21.349247551678147,0.4421753682213413,2482.6933364806137,0.5363237503047387,NA,NA,NA,NA,NA,NA,100,0.05,3
diabetes,8,b4,Linear Regression,LR,baseline,45.680491255841474,68.78506263310979,22.82537391406478,0.481182821995528,2707.723657737465,0.4942963223115546,NA,NA,NA,NA,NA,NA,NA,NA,NA
diabetes,8,b5,WLS (1/y²),WLS,baseline,36.749740898354716,44.418716454714975,21.32620075249063,0.5848214579171139,4745.742693776417,0.11366895704151792,NA,NA,NA,NA,NA,NA,NA,NA,NA
diabetes,8,b6,Log-SVR,Log-SVR,baseline,38.40541582821321,57.65608045180712,20.484682812969783,0.4687362911217809,2796.055298299956,0.4777992047563493,1,0.1,NA,0.224,NA,NA,NA,NA,NA
diabetes,8,b7a,QR (τ = 0.5),QR,baseline,44.279236874388296,66.77666806970424,22.349350774783932,0.46996908689946515,2564.955713483605,0.5209601490498872,NA,NA,NA,NA,NA,NA,NA,NA,NA
diabetes,9,m1,SVR-MAPE,SVR-MAPE,psvr,33.50577536983988,47.43018681561916,18.936150502774705,0.5605571551316483,4294.277182764861,0.3134753958225993,100,1,7.071,0.010000191803678796,NA,NA,NA,NA,NA
diabetes,9,m2,SVR-MAPE + Sym. Kernel,SVR-MAPE+SK,psvr,34.53933463347997,52.010477498021324,19.15746566881045,0.5585077649613299,4275.120946183752,0.31653789672243826,100,1,7.071,0.010000191803678796,odd,NA,NA,NA,NA
diabetes,9,m3a,LS-RMSPE (MAPE opt.),LS-RMSPE-M,psvr,45.977621203417925,54.15891470428009,26.03603865896872,0.8427357167876811,9798.78114207575,-0.5665277434777278,100,NA,2.236,0.10000608036968646,NA,NA,NA,NA,NA
diabetes,9,m3b,LS-RMSPE (RMSPE opt.),LS-RMSPE-R,psvr,45.977621203417925,54.15891470428009,26.03603865896872,0.8427357167876811,9798.78114207575,-0.5665277434777278,100,NA,2.236,0.10000608036968646,NA,NA,NA,NA,NA
diabetes,9,m4a,LS-RMSPE + Sym. Kernel (MAPE opt.),LS-RMSPE+SK-M,psvr,46.05589352542052,54.23996490343771,26.075472178296312,0.8447514213877714,9846.355387104655,-0.5741334215342337,100,NA,2.236,0.10000608036968646,odd,NA,NA,NA,NA
diabetes,9,m4b,LS-RMSPE + Sym. Kernel (RMSPE opt.),LS-RMSPE+SK-R,psvr,46.05589352542052,54.23996490343771,26.075472178296312,0.8447514213877714,9846.355387104655,-0.5741334215342337,100,NA,2.236,0.10000608036968646,odd,NA,NA,NA,NA
diabetes,9,b1,ε-SVR (MSE),SVR-MSE,baseline,44.182863942477375,73.88608462143432,21.80912566589272,0.5210638247792804,3402.6793095901958,0.4560148386474212,1,NA,0.266,7.0665385267680465,NA,NA,NA,NA,NA
diabetes,9,b2,Random Forest,RF,baseline,40.84836288955028,66.10049686096279,21.096279650419863,0.49254369683733246,2999.788294318814,0.520424885557279,NA,NA,NA,NA,NA,3,NA,NA,NA
diabetes,9,b3,XGBoost,XGB,baseline,39.82051515717985,62.743758057852475,20.909243864039354,0.49349969076135614,3056.9186286832573,0.5112914788122538,NA,NA,NA,NA,NA,NA,100,0.05,3
diabetes,9,b4,Linear Regression,LR,baseline,38.40607713448615,68.16398552294457,19.60059254138989,0.4694882154829803,2641.197875754541,0.5777526114327062,NA,NA,NA,NA,NA,NA,NA,NA,NA
diabetes,9,b5,WLS (1/y²),WLS,baseline,36.167721201351746,47.25517136368266,20.708361140943577,0.6407233627465294,5694.202842394525,0.08966976603876442,NA,NA,NA,NA,NA,NA,NA,NA,NA
diabetes,9,b6,Log-SVR,Log-SVR,baseline,42.64202069195775,70.56046031699668,21.65885584773325,0.5575142418446142,4184.579467798263,0.3310127314768667,1,0.1,NA,0.224,NA,NA,NA,NA,NA
diabetes,9,b7a,QR (τ = 0.5),QR,baseline,39.374767765908906,69.5690675560656,20.049036680513048,0.48484618863708956,2828.0786734571293,0.5478760431045012,NA,NA,NA,NA,NA,NA,NA,NA,NA
diabetes,10,m1,SVR-MAPE,SVR-MAPE,psvr,33.97020505081241,49.32281154861542,18.991129273838606,0.4734012153152349,2963.885618124478,0.41195841880633965,100,1,7.071,0.010000191803678796,NA,NA,NA,NA,NA
diabetes,10,m2,SVR-MAPE + Sym. Kernel,SVR-MAPE+SK,psvr,36.00675524867114,55.9989337387947,19.56664110157245,0.4743056995997226,2976.4169753765054,0.40947216930739705,100,0.01,7.071,0.010000191803678796,odd,NA,NA,NA,NA
diabetes,10,m3a,LS-RMSPE (MAPE opt.),LS-RMSPE-M,psvr,43.20464898564665,51.98665228998709,24.554978262454377,0.7609129560575973,8220.897276237385,-0.6310445327537126,100,NA,2.236,0.10000608036968646,NA,NA,NA,NA,NA
diabetes,10,m3b,LS-RMSPE (RMSPE opt.),LS-RMSPE-R,psvr,43.20464898564665,51.98665228998709,24.554978262454377,0.7609129560575973,8220.897276237385,-0.6310445327537126,100,NA,2.236,0.10000608036968646,NA,NA,NA,NA,NA
diabetes,10,m4a,LS-RMSPE + Sym. Kernel (MAPE opt.),LS-RMSPE+SK-M,psvr,43.22269304600629,51.96559010772036,24.569765408120574,0.7619993259812904,8242.115384325265,-0.635254253180721,100,NA,2.236,0.10000608036968646,odd,NA,NA,NA,NA
diabetes,10,m4b,LS-RMSPE + Sym. Kernel (RMSPE opt.),LS-RMSPE+SK-R,psvr,43.22269304600629,51.96559010772036,24.569765408120574,0.7619993259812904,8242.115384325265,-0.635254253180721,100,NA,2.236,0.10000608036968646,odd,NA,NA,NA,NA
diabetes,10,b1,ε-SVR (MSE),SVR-MSE,baseline,43.768772832346556,75.88272860267531,21.426446567992688,0.48998845881891445,3254.9319645146493,0.3542141682572193,1,NA,0.266,7.0665385267680465,NA,NA,NA,NA,NA
diabetes,10,b2,Random Forest,RF,baseline,44.33278758954974,70.32373482487763,22.457321555317545,0.47485567763563874,2615.3512226861462,0.4811084277475164,NA,NA,NA,NA,NA,2,NA,NA,NA
diabetes,10,b3,XGBoost,XGB,baseline,43.2713753501163,67.89607193620742,22.205210375581142,0.47970594600876665,2757.7076231842884,0.45286459730748163,NA,NA,NA,NA,NA,NA,100,0.05,3
diabetes,10,b4,Linear Regression,LR,baseline,44.030045392807196,75.64811455126392,21.757287757912362,0.4573308814808212,2597.75042608026,0.4846004654304492,NA,NA,NA,NA,NA,NA,NA,NA,NA
diabetes,10,b5,WLS (1/y²),WLS,baseline,33.75840057413757,46.026979431553535,19.274276574636076,0.533144662289706,4222.012924325178,0.16234312800124462,NA,NA,NA,NA,NA,NA,NA,NA,NA
diabetes,10,b6,Log-SVR,Log-SVR,baseline,42.953787888095434,76.342063433309,20.99119184203286,0.5009506065145214,3616.531414488537,0.28247202307418184,1,0.1,NA,0.224,NA,NA,NA,NA,NA
diabetes,10,b7a,QR (τ = 0.5),QR,baseline,43.467484704300944,75.3120883937583,21.50383718386462,0.45407915016402556,2571.631900045834,0.48978243981360725,NA,NA,NA,NA,NA,NA,NA,NA,NA
diabetes,11,m1,SVR-MAPE,SVR-MAPE,psvr,32.41605638243389,38.4092779978796,19.23966268522083,0.541853854892347,3779.16545532918,0.31582145251063953,100,1,7.071,0.010000191803678796,NA,NA,NA,NA,NA
diabetes,11,m2,SVR-MAPE + Sym. Kernel,SVR-MAPE+SK,psvr,34.230807502096155,41.73142000375464,19.983471666137124,0.5529261705395644,3836.246598912795,0.30548750593759444,100,1,7.071,0.010000191803678796,odd,NA,NA,NA,NA
diabetes,11,m3a,LS-RMSPE (MAPE opt.),LS-RMSPE-M,psvr,41.947847824945264,46.71599431924329,24.529360996651477,0.8418295996758831,9843.951410604232,-0.7821448828512321,100,NA,2.236,0.10000608036968646,NA,NA,NA,NA,NA
diabetes,11,m3b,LS-RMSPE (RMSPE opt.),LS-RMSPE-R,psvr,41.947847824945264,46.71599431924329,24.529360996651477,0.8418295996758831,9843.951410604232,-0.7821448828512321,100,NA,2.236,0.10000608036968646,NA,NA,NA,NA,NA
diabetes,11,m4a,LS-RMSPE + Sym. Kernel (MAPE opt.),LS-RMSPE+SK-M,psvr,42.072903735562605,46.85956955262187,24.590965320393313,0.8444169168219103,9897.609236075881,-0.7918590733323241,100,NA,2.236,0.10000608036968646,odd,NA,NA,NA,NA
diabetes,11,m4b,LS-RMSPE + Sym. Kernel (RMSPE opt.),LS-RMSPE+SK-R,psvr,42.072903735562605,46.85956955262187,24.590965320393313,0.8444169168219103,9897.609236075881,-0.7918590733323241,100,NA,2.236,0.10000608036968646,odd,NA,NA,NA,NA
diabetes,11,b1,ε-SVR (MSE),SVR-MSE,baseline,35.552708358471875,48.23425353677086,19.87847291971754,0.4926206673885542,3142.561571777544,0.43107195570315093,1,NA,0.266,7.0665385267680465,NA,NA,NA,NA,NA
diabetes,11,b2,Random Forest,RF,baseline,37.17733729039676,50.76309183545281,20.534868079289378,0.5037466789997739,3053.152905713176,0.44725846354567456,NA,NA,NA,NA,NA,2,NA,NA,NA
diabetes,11,b3,XGBoost,XGB,baseline,35.64781768918149,47.33325844227496,20.071277842876285,0.493322118434129,3019.3675996345496,0.45337494135343037,NA,NA,NA,NA,NA,NA,100,0.05,3
diabetes,11,b4,Linear Regression,LR,baseline,37.21229163002153,55.90976883749318,19.657439594175447,0.4800813041259714,2855.2190036812794,0.48309233512177063,NA,NA,NA,NA,NA,NA,NA,NA,NA
diabetes,11,b5,WLS (1/y²),WLS,baseline,37.618013773096955,43.52798797904091,22.05770749087321,0.6627587602811061,5782.917723531304,-0.046937027527284014,NA,NA,NA,NA,NA,NA,NA,NA,NA
diabetes,11,b6,Log-SVR,Log-SVR,baseline,34.318315163553486,47.198737370740965,19.224996368972988,0.5074619755660125,3589.950258179479,0.3500768933689491,1,0.1,NA,0.224,NA,NA,NA,NA,NA
diabetes,11,b7a,QR (τ = 0.5),QR,baseline,38.4008366252645,56.023754483185286,20.445497577099143,0.4990971840172194,3027.8392638762225,0.4518412347708006,NA,NA,NA,NA,NA,NA,NA,NA,NA
diabetes,12,m1,SVR-MAPE,SVR-MAPE,psvr,31.085403761238695,37.26818046737765,18.49371160083432,0.5568672065429714,3991.938021988066,0.1801650751214483,100,1,7.071,0.010000191803678796,NA,NA,NA,NA,NA
diabetes,12,m2,SVR-MAPE + Sym. Kernel,SVR-MAPE+SK,psvr,32.07934290265846,38.70155578860954,18.971987001729698,0.5660591562566185,4063.1491090298805,0.1655402648478732,100,1,7.071,0.010000191803678796,odd,NA,NA,NA,NA
diabetes,12,m3a,LS-RMSPE (MAPE opt.),LS-RMSPE-M,psvr,44.126497044095956,48.10883371130224,25.775855815962647,0.8739348548041461,9467.862279224382,-0.944440048340911,100,NA,2.236,0.10000608036968646,NA,NA,NA,NA,NA
diabetes,12,m3b,LS-RMSPE (RMSPE opt.),LS-RMSPE-R,psvr,44.126497044095956,48.10883371130224,25.775855815962647,0.8739348548041461,9467.862279224382,-0.944440048340911,100,NA,2.236,0.10000608036968646,NA,NA,NA,NA,NA
diabetes,12,m4a,LS-RMSPE + Sym. Kernel (MAPE opt.),LS-RMSPE+SK-M,psvr,44.217710689100564,48.237231684467666,25.816469343434456,0.8761267386513107,9519.832926500041,-0.9551133983454556,100,NA,2.236,0.10000608036968646,odd,NA,NA,NA,NA
diabetes,12,m4b,LS-RMSPE + Sym. Kernel (RMSPE opt.),LS-RMSPE+SK-R,psvr,44.217710689100564,48.237231684467666,25.816469343434456,0.8761267386513107,9519.832926500041,-0.9551133983454556,100,NA,2.236,0.10000608036968646,odd,NA,NA,NA,NA
diabetes,12,b1,ε-SVR (MSE),SVR-MSE,baseline,29.89215657368833,43.34132623616526,16.844369505383842,0.43536843572333783,2502.2382394978813,0.48610868009285,1,NA,0.266,7.0665385267680465,NA,NA,NA,NA,NA
diabetes,12,b2,Random Forest,RF,baseline,31.24991512417936,42.09857113251503,17.913975617138757,0.4492618025192503,2409.7663349603363,0.5050998809813245,NA,NA,NA,NA,NA,3,NA,NA,NA
diabetes,12,b3,XGBoost,XGB,baseline,30.994971686910937,41.77972042136489,17.800079054600094,0.43947568287250166,2285.2254376996802,0.530677176166671,NA,NA,NA,NA,NA,NA,100,0.05,3
diabetes,12,b4,Linear Regression,LR,baseline,29.428695934783107,43.19893361499211,16.57224330377551,0.40934512293139097,1998.4069559954248,0.5895818503140622,NA,NA,NA,NA,NA,NA,NA,NA,NA
diabetes,12,b5,WLS (1/y²),WLS,baseline,37.22527864357284,42.93893351524194,21.88087301796465,0.6792476284265262,5744.81967166397,-0.17982888963137755,NA,NA,NA,NA,NA,NA,NA,NA,NA
diabetes,12,b6,Log-SVR,Log-SVR,baseline,29.2179123117353,40.37501325742371,16.8258025655654,0.46062294088573125,2873.9792765993006,0.4097632349612802,1,0.1,NA,0.224,NA,NA,NA,NA,NA
diabetes,12,b7a,QR (τ = 0.5),QR,baseline,30.50494788738609,43.96008204931523,17.158886219222993,0.4349676022336728,2307.9387164794502,0.5260124897162324,NA,NA,NA,NA,NA,NA,NA,NA,NA
diabetes,13,m1,SVR-MAPE,SVR-MAPE,psvr,33.41489879151407,42.74515840065119,19.290198538556854,0.5754358443765206,4174.458101479919,0.35431394213060763,100,1,7.071,0.010000191803678796,NA,NA,NA,NA,NA
diabetes,13,m2,SVR-MAPE + Sym. Kernel,SVR-MAPE+SK,psvr,34.807939208146074,45.08912228937332,19.896770553469718,0.5762499672107154,4064.619206717358,0.3713033192511557,100,1,7.071,0.010000191803678796,odd,NA,NA,NA,NA
diabetes,13,m3a,LS-RMSPE (MAPE opt.),LS-RMSPE-M,psvr,41.30005453558175,48.801834979043676,23.72370736087411,0.8293404406889587,9260.069508574079,-0.4323051354780789,100,NA,2.236,0.10000608036968646,NA,NA,NA,NA,NA
diabetes,13,m3b,LS-RMSPE (RMSPE opt.),LS-RMSPE-R,psvr,41.30005453558175,48.801834979043676,23.72370736087411,0.8293404406889587,9260.069508574079,-0.4323051354780789,100,NA,2.236,0.10000608036968646,NA,NA,NA,NA,NA
diabetes,13,m4a,LS-RMSPE + Sym. Kernel (MAPE opt.),LS-RMSPE+SK-M,psvr,41.320202020708415,48.81144404298787,23.735991470584704,0.8309553327728701,9302.641539849668,-0.4388899822729435,100,NA,2.236,0.10000608036968646,odd,NA,NA,NA,NA
diabetes,13,m4b,LS-RMSPE + Sym. Kernel (RMSPE opt.),LS-RMSPE+SK-R,psvr,41.320202020708415,48.81144404298787,23.735991470584704,0.8309553327728701,9302.641539849668,-0.4388899822729435,100,NA,2.236,0.10000608036968646,odd,NA,NA,NA,NA
diabetes,13,b1,ε-SVR (MSE),SVR-MSE,baseline,44.924317909126785,67.0031870134123,22.94907373169206,0.599584516007381,4155.326113877631,0.3572731903381171,1,NA,0.266,7.0665385267680465,NA,NA,NA,NA,NA
diabetes,13,b2,Random Forest,RF,baseline,45.63445561430009,63.447267555913875,23.955338455941522,0.5901740828203886,3675.5320080430342,0.43148554491306956,NA,NA,NA,NA,NA,3,NA,NA,NA
diabetes,13,b3,XGBoost,XGB,baseline,43.49265983269462,59.70403609268935,23.2804976334365,0.5771814233552406,3589.3892678996904,0.4448097093782738,NA,NA,NA,NA,NA,NA,100,0.05,3
diabetes,13,b4,Linear Regression,LR,baseline,43.615645119222066,62.47696410242509,22.90128331892202,0.5578911474230935,3114.007612244331,0.5183395663709014,NA,NA,NA,NA,NA,NA,NA,NA,NA
diabetes,13,b5,WLS (1/y²),WLS,baseline,33.729199970291276,41.865442854386906,19.656881039789834,0.6492080949362349,5816.420783547379,0.10034267554227227,NA,NA,NA,NA,NA,NA,NA,NA,NA
diabetes,13,b6,Log-SVR,Log-SVR,baseline,41.2583863639011,62.08500393880221,21.42656365201953,0.5926042412465113,4592.118288129144,0.2897121775684174,1,0.1,NA,0.224,NA,NA,NA,NA,NA
diabetes,13,b7a,QR (τ = 0.5),QR,baseline,42.619832284343,61.89779615977239,22.394961616624673,0.5533568204437002,3114.563279128766,0.5182536183624706,NA,NA,NA,NA,NA,NA,NA,NA,NA
diabetes,14,m1,SVR-MAPE,SVR-MAPE,psvr,34.06087958600082,45.32211494133785,19.365280710935455,0.5695977572186004,4655.215143314105,0.28137780824644476,100,1,7.071,0.010000191803678796,NA,NA,NA,NA,NA
diabetes,14,m2,SVR-MAPE + Sym. Kernel,SVR-MAPE+SK,psvr,36.4192564968073,48.75182316336251,20.44257292276411,0.5845867643069508,4711.215483124089,0.2727330763287392,100,1,2.236,0.10000608036968646,odd,NA,NA,NA,NA
diabetes,14,m3a,LS-RMSPE (MAPE opt.),LS-RMSPE-M,psvr,43.585845514886216,48.762122262900036,25.295064623172916,0.8581253837902162,10337.636841939757,-0.5958135158536095,100,NA,2.236,0.10000608036968646,NA,NA,NA,NA,NA
diabetes,14,m3b,LS-RMSPE (RMSPE opt.),LS-RMSPE-R,psvr,43.585845514886216,48.762122262900036,25.295064623172916,0.8581253837902162,10337.636841939757,-0.5958135158536095,100,NA,2.236,0.10000608036968646,NA,NA,NA,NA,NA
diabetes,14,m4a,LS-RMSPE + Sym. Kernel (MAPE opt.),LS-RMSPE+SK-M,psvr,43.48791704375204,48.741463935577784,25.234847584371263,0.859394072783851,10411.158660134439,-0.6071630257057272,100,NA,2.236,0.10000608036968646,odd,NA,NA,NA,NA
diabetes,14,m4b,LS-RMSPE + Sym. Kernel (RMSPE opt.),LS-RMSPE+SK-R,psvr,43.48791704375204,48.741463935577784,25.234847584371263,0.859394072783851,10411.158660134439,-0.6071630257057272,100,NA,2.236,0.10000608036968646,odd,NA,NA,NA,NA
diabetes,14,b1,ε-SVR (MSE),SVR-MSE,baseline,46.1350542448822,69.62491584975803,23.29314914550066,0.5893752187368729,4399.176146688319,0.3209023628084098,1,NA,0.266,7.0665385267680465,NA,NA,NA,NA,NA
diabetes,14,b2,Random Forest,RF,baseline,44.79284663049209,63.449236992974235,23.406888875165844,0.5718506431210351,4033.5475880486383,0.3773441787263496,NA,NA,NA,NA,NA,2,NA,NA,NA
diabetes,14,b3,XGBoost,XGB,baseline,44.54954953938544,62.17941644019107,23.45971347310052,0.5706007423949466,3905.903598180793,0.3970484890405014,NA,NA,NA,NA,NA,NA,100,0.05,3
diabetes,14,b4,Linear Regression,LR,baseline,38.771741976712235,60.21249909661408,20.275289539517384,0.49859732460569817,3226.6250700425676,0.5019082236980718,NA,NA,NA,NA,NA,NA,NA,NA,NA
diabetes,14,b5,WLS (1/y²),WLS,baseline,37.8480390360437,45.209480672695214,21.96661077814731,0.6845018023485099,6445.036285070415,0.0050844142487392885,NA,NA,NA,NA,NA,NA,NA,NA,NA
diabetes,14,b6,Log-SVR,Log-SVR,baseline,43.6199907102832,67.5824432965681,22.207587886434094,0.5893229283001222,4715.746497038682,0.27203362699075373,1,0.01,NA,0.224,NA,NA,NA,NA,NA
diabetes,14,b7a,QR (τ = 0.5),QR,baseline,38.655363407406654,60.53458396495677,20.219393319620462,0.5029334700803371,3274.042158971092,0.49458848200550387,NA,NA,NA,NA,NA,NA,NA,NA,NA
diabetes,15,m1,SVR-MAPE,SVR-MAPE,psvr,35.082415641675816,42.997914875126774,20.390427086874894,0.59134672397711,4594.135317913061,0.21426299647433822,100,0.01,7.071,0.010000191803678796,NA,NA,NA,NA,NA
diabetes,15,m2,SVR-MAPE + Sym. Kernel,SVR-MAPE+SK,psvr,35.3253432347762,43.79136445521176,20.42987152743771,0.6009828622899797,4668.7579517775985,0.20150025426705165,100,1,7.071,0.010000191803678796,odd,NA,NA,NA,NA
diabetes,15,m3a,LS-RMSPE (MAPE opt.),LS-RMSPE-M,psvr,44.4423391442395,49.75503635305691,25.711381361791474,0.8769294539248447,10327.561437396806,-0.7663274187651834,100,NA,2.236,0.10000608036968646,NA,NA,NA,NA,NA
diabetes,15,m3b,LS-RMSPE (RMSPE opt.),LS-RMSPE-R,psvr,44.4423391442395,49.75503635305691,25.711381361791474,0.8769294539248447,10327.561437396806,-0.7663274187651834,100,NA,2.236,0.10000608036968646,NA,NA,NA,NA,NA
diabetes,15,m4a,LS-RMSPE + Sym. Kernel (MAPE opt.),LS-RMSPE+SK-M,psvr,44.5082481964546,49.839243024679035,25.743425694151526,0.8793400722828564,10388.045359837572,-0.7766720108791301,100,NA,2.236,0.10000608036968646,odd,NA,NA,NA,NA
diabetes,15,m4b,LS-RMSPE + Sym. Kernel (RMSPE opt.),LS-RMSPE+SK-R,psvr,44.5082481964546,49.839243024679035,25.743425694151526,0.8793400722828564,10388.045359837572,-0.7766720108791301,100,NA,2.236,0.10000608036968646,odd,NA,NA,NA,NA
diabetes,15,b1,ε-SVR (MSE),SVR-MSE,baseline,44.79643020018278,65.68575274157243,22.973156083875896,0.5888698642608817,4324.283489183406,0.26041587457421034,1,NA,0.266,7.0665385267680465,NA,NA,NA,NA,NA
diabetes,15,b2,Random Forest,RF,baseline,40.62519915458857,56.36167291297206,21.875151565005165,0.5402778781665397,3647.7046190510227,0.3761314591791689,NA,NA,NA,NA,NA,3,NA,NA,NA
diabetes,15,b3,XGBoost,XGB,baseline,41.9044825761101,59.01647002351886,22.340595468392838,0.5780219139910472,4236.299684407547,0.27546378377571257,NA,NA,NA,NA,NA,NA,100,0.05,3
diabetes,15,b4,Linear Regression,LR,baseline,39.40813633757044,60.54945813036928,20.380722036346985,0.5182673457774353,3499.00294514159,0.40156397250137643,NA,NA,NA,NA,NA,NA,NA,NA,NA
diabetes,15,b5,WLS (1/y²),WLS,baseline,37.5002414371753,42.17041655894584,22.178487055011804,0.6911322219491254,6262.699594778544,-0.0711122927519725,NA,NA,NA,NA,NA,NA,NA,NA,NA
diabetes,15,b6,Log-SVR,Log-SVR,baseline,43.382857760224454,63.429437173246974,22.420742293262226,0.6017499335861785,4741.004315472373,0.18914392660212276,1,0.01,NA,0.224,NA,NA,NA,NA,NA
diabetes,15,b7a,QR (τ = 0.5),QR,baseline,40.2800156080583,61.38714826494075,20.929263306178644,0.5336515802316769,3628.931575891872,0.37934222108716376,NA,NA,NA,NA,NA,NA,NA,NA,NA
diabetes,16,m1,SVR-MAPE,SVR-MAPE,psvr,34.27488654070843,44.78406827306169,19.643859826116064,0.6357680916637689,5136.025836409919,0.24826544879602308,100,1,2.236,0.10000608036968646,NA,NA,NA,NA,NA
diabetes,16,m2,SVR-MAPE + Sym. Kernel,SVR-MAPE+SK,psvr,34.70818031385555,44.5824869612133,19.943083460993865,0.656169965571755,5103.261132359523,0.25306105553149705,100,0.1,7.071,0.010000191803678796,odd,NA,NA,NA,NA
diabetes,16,m3a,LS-RMSPE (MAPE opt.),LS-RMSPE-M,psvr,44.868654019573704,50.357901721481426,25.89986485186986,0.9903630005320118,11753.489184488513,-0.7202997412019025,100,NA,2.236,0.10000608036968646,NA,NA,NA,NA,NA
diabetes,16,m3b,LS-RMSPE (RMSPE opt.),LS-RMSPE-R,psvr,44.868654019573704,50.357901721481426,25.89986485186986,0.9903630005320118,11753.489184488513,-0.7202997412019025,100,NA,2.236,0.10000608036968646,NA,NA,NA,NA,NA
diabetes,16,m4a,LS-RMSPE + Sym. Kernel (MAPE opt.),LS-RMSPE+SK-M,psvr,44.91628379557942,50.45397637362862,25.914628863653096,0.9916562615445305,11791.709331152533,-0.7258938339332408,100,NA,2.236,0.10000608036968646,odd,NA,NA,NA,NA
diabetes,16,m4b,LS-RMSPE + Sym. Kernel (RMSPE opt.),LS-RMSPE+SK-R,psvr,44.91628379557942,50.45397637362862,25.914628863653096,0.9916562615445305,11791.709331152533,-0.7258938339332408,100,NA,2.236,0.10000608036968646,odd,NA,NA,NA,NA
diabetes,16,b1,ε-SVR (MSE),SVR-MSE,baseline,39.11932095745259,57.78204429354518,20.852574508595048,0.5841399665869375,3875.9459978693485,0.43269706617445114,1,NA,0.266,7.0665385267680465,NA,NA,NA,NA,NA
diabetes,16,b2,Random Forest,RF,baseline,40.537473758316835,56.5919506093912,21.840439378637676,0.5952598570769715,3827.5601766302875,0.4397790581215958,NA,NA,NA,NA,NA,3,NA,NA,NA
diabetes,16,b3,XGBoost,XGB,baseline,41.5800842736939,57.44360647924115,22.443297394950115,0.6233893863899689,4104.788773123243,0.39920248759732957,NA,NA,NA,NA,NA,NA,100,0.05,3
diabetes,16,b4,Linear Regression,LR,baseline,37.66688014559038,59.14714889344251,19.648337274606984,0.5417849665717144,3259.5318245133226,0.5229185422189457,NA,NA,NA,NA,NA,NA,NA,NA,NA
diabetes,16,b5,WLS (1/y²),WLS,baseline,37.09012729458014,44.01418452627665,21.619673809300316,0.759210465748941,6896.565648703202,-0.009416005274722306,NA,NA,NA,NA,NA,NA,NA,NA,NA
diabetes,16,b6,Log-SVR,Log-SVR,baseline,36.29643836112641,51.65739800479236,19.97104883759088,0.602337373956444,4328.129658258951,0.3665131933062503,1,0.1,NA,0.224,NA,NA,NA,NA,NA
diabetes,16,b7a,QR (τ = 0.5),QR,baseline,38.05673186592627,57.476017836703484,20.189838006492998,0.5551439591427725,3332.470848208305,0.5122428201745001,NA,NA,NA,NA,NA,NA,NA,NA,NA
diabetes,17,m1,SVR-MAPE,SVR-MAPE,psvr,30.810527976451468,39.55103577158257,17.998870689837872,0.5220441202722841,3582.5598755625597,0.3514838872419864,100,0.01,7.071,0.010000191803678796,NA,NA,NA,NA,NA
diabetes,17,m2,SVR-MAPE + Sym. Kernel,SVR-MAPE+SK,psvr,30.567596916773166,40.13449854301209,17.764831620363044,0.5120821994289992,3445.800542853115,0.37624010455941004,100,1,7.071,0.010000191803678796,odd,NA,NA,NA,NA
diabetes,17,m3a,LS-RMSPE (MAPE opt.),LS-RMSPE-M,psvr,42.500091464646026,48.49690734297142,24.5929784747019,0.8248038270463773,9333.458711360565,-0.6895456244477984,100,NA,2.236,0.10000608036968646,NA,NA,NA,NA,NA
diabetes,17,m3b,LS-RMSPE (RMSPE opt.),LS-RMSPE-R,psvr,42.500091464646026,48.49690734297142,24.5929784747019,0.8248038270463773,9333.458711360565,-0.6895456244477984,100,NA,2.236,0.10000608036968646,NA,NA,NA,NA,NA
diabetes,17,m4a,LS-RMSPE + Sym. Kernel (MAPE opt.),LS-RMSPE+SK-M,psvr,42.50339911917362,48.49748200780653,24.59539302600199,0.8267475709282088,9387.23781911221,-0.6992807354070301,100,NA,2.236,0.10000608036968646,odd,NA,NA,NA,NA
diabetes,17,m4b,LS-RMSPE + Sym. Kernel (RMSPE opt.),LS-RMSPE+SK-R,psvr,42.50339911917362,48.49748200780653,24.59539302600199,0.8267475709282088,9387.23781911221,-0.6992807354070301,100,NA,2.236,0.10000608036968646,odd,NA,NA,NA,NA
diabetes,17,b1,ε-SVR (MSE),SVR-MSE,baseline,38.55556129389217,60.326741319737586,19.971801302151786,0.4788979509855492,2862.9096696676406,0.481755193314489,1,NA,0.266,7.0665385267680465,NA,NA,NA,NA,NA
diabetes,17,b2,Random Forest,RF,baseline,38.77750250857097,59.71571595920319,20.329371330287458,0.4685979003596202,2693.49559577409,0.5124225821269905,NA,NA,NA,NA,NA,3,NA,NA,NA
diabetes,17,b3,XGBoost,XGB,baseline,36.04872013921699,57.71589858181175,18.9981814031103,0.4558672474017591,2681.8996706421153,0.5145216801327819,NA,NA,NA,NA,NA,NA,100,0.05,3
diabetes,17,b4,Linear Regression,LR,baseline,34.46810687305758,56.951179686825284,18.06594136776524,0.42549021140848653,2281.190286464303,0.5870582185854284,NA,NA,NA,NA,NA,NA,NA,NA,NA
diabetes,17,b5,WLS (1/y²),WLS,baseline,33.17650175170906,39.447400262275664,19.617342592190774,0.6160859819642811,5093.894878075861,0.07790155088225059,NA,NA,NA,NA,NA,NA,NA,NA,NA
diabetes,17,b6,Log-SVR,Log-SVR,baseline,35.18819063301505,55.087747760806934,18.763852410958126,0.4792045976549602,3066.472353615757,0.4449062123952542,1,0.1,NA,0.224,NA,NA,NA,NA,NA
diabetes,17,b7a,QR (τ = 0.5),QR,baseline,34.92846062702843,57.20535878756711,18.383099651387667,0.43530133152202016,2417.9032479504003,0.5623103954014048,NA,NA,NA,NA,NA,NA,NA,NA,NA
diabetes,18,m1,SVR-MAPE,SVR-MAPE,psvr,39.01696835575916,51.04463956212641,21.812575202154544,0.6074469395922675,5077.065165327381,0.22076354981854662,100,0.01,7.071,0.010000191803678796,NA,NA,NA,NA,NA
diabetes,18,m2,SVR-MAPE + Sym. Kernel,SVR-MAPE+SK,psvr,40.195354971892264,52.91405143212147,22.279261733910573,0.6216752781911142,5248.4104660818075,0.19446518657771494,100,1,7.071,0.010000191803678796,odd,NA,NA,NA,NA
diabetes,18,m3a,LS-RMSPE (MAPE opt.),LS-RMSPE-M,psvr,44.66417795156391,49.11665228841741,25.965418469040177,0.8564919953075019,10319.592707284277,-0.5838683425730826,100,NA,2.236,0.10000608036968646,NA,NA,NA,NA,NA
diabetes,18,m3b,LS-RMSPE (RMSPE opt.),LS-RMSPE-R,psvr,44.66417795156391,49.11665228841741,25.965418469040177,0.8564919953075019,10319.592707284277,-0.5838683425730826,100,NA,2.236,0.10000608036968646,NA,NA,NA,NA,NA
diabetes,18,m4a,LS-RMSPE + Sym. Kernel (MAPE opt.),LS-RMSPE+SK-M,psvr,44.70748477119779,49.14504889216249,25.990370432978814,0.8585555342132999,10373.879820232816,-0.5922004194338475,100,NA,2.236,0.10000608036968646,odd,NA,NA,NA,NA
diabetes,18,m4b,LS-RMSPE + Sym. Kernel (RMSPE opt.),LS-RMSPE+SK-R,psvr,44.70748477119779,49.14504889216249,25.990370432978814,0.8585555342132999,10373.879820232816,-0.5922004194338475,100,NA,2.236,0.10000608036968646,odd,NA,NA,NA,NA
diabetes,18,b1,ε-SVR (MSE),SVR-MSE,baseline,46.90981050535562,71.85276278293037,23.395332878848127,0.5884682769893175,4424.202093524941,0.32096606563421437,1,NA,0.266,7.0665385267680465,NA,NA,NA,NA,NA
diabetes,18,b2,Random Forest,RF,baseline,47.59251051178048,68.11240760495565,24.410829497308303,0.5902308702847427,4153.483894970001,0.36251634737614014,NA,NA,NA,NA,NA,3,NA,NA,NA
diabetes,18,b3,XGBoost,XGB,baseline,46.878766733740655,69.77446933233014,23.842394710631147,0.5877929034648981,4318.136574490709,0.337245178831998,NA,NA,NA,NA,NA,NA,100,0.05,3
diabetes,18,b4,Linear Regression,LR,baseline,46.39878729353914,71.16499191153702,23.128810800634483,0.5658198391447349,3976.968611013838,0.3896082082827358,NA,NA,NA,NA,NA,NA,NA,NA,NA
diabetes,18,b5,WLS (1/y²),WLS,baseline,40.01691384172541,47.31553817816706,23.093182521360458,0.6992277429064878,6716.340110784398,-0.030835109598493338,NA,NA,NA,NA,NA,NA,NA,NA,NA
diabetes,18,b6,Log-SVR,Log-SVR,baseline,46.15538907732001,70.95187010095587,23.257132354555765,0.6166503659167795,5039.008667529593,0.2266045247291718,1,0.1,NA,0.224,NA,NA,NA,NA,NA
diabetes,18,b7a,QR (τ = 0.5),QR,baseline,48.50297505976145,74.75154877930885,23.931382946411993,0.5850796927645622,4181.909370167805,0.3581535579167636,NA,NA,NA,NA,NA,NA,NA,NA,NA
diabetes,19,m1,SVR-MAPE,SVR-MAPE,psvr,34.35740953851913,42.50650152645847,20.003443987374496,0.6186252217781723,4561.488193907438,0.17766866870373332,100,1,7.071,0.010000191803678796,NA,NA,NA,NA,NA
diabetes,19,m2,SVR-MAPE + Sym. Kernel,SVR-MAPE+SK,psvr,35.73714015836756,44.40733176699351,20.675472897869422,0.6452471955420856,4866.497798868369,0.12268245722111282,100,1,7.071,0.010000191803678796,odd,NA,NA,NA,NA
diabetes,19,m3a,LS-RMSPE (MAPE opt.),LS-RMSPE-M,psvr,43.66689748073545,48.33546280845495,25.42923082924865,0.931717023623869,10737.492817788301,-0.9357228141967937,100,NA,2.236,0.10000608036968646,NA,NA,NA,NA,NA
diabetes,19,m3b,LS-RMSPE (RMSPE opt.),LS-RMSPE-R,psvr,43.66689748073545,48.33546280845495,25.42923082924865,0.931717023623869,10737.492817788301,-0.9357228141967937,100,NA,2.236,0.10000608036968646,NA,NA,NA,NA,NA
diabetes,19,m4a,LS-RMSPE + Sym. Kernel (MAPE opt.),LS-RMSPE+SK-M,psvr,43.7877782171239,48.48246282585244,25.4869714328556,0.9348814797140128,10810.910629723665,-0.9489583558584616,100,NA,2.236,0.10000608036968646,odd,NA,NA,NA,NA
diabetes,19,m4b,LS-RMSPE + Sym. Kernel (RMSPE opt.),LS-RMSPE+SK-R,psvr,43.7877782171239,48.48246282585244,25.4869714328556,0.9348814797140128,10810.910629723665,-0.9489583558584616,100,NA,2.236,0.10000608036968646,odd,NA,NA,NA,NA
diabetes,19,b1,ε-SVR (MSE),SVR-MSE,baseline,35.91083130464806,55.99656461285558,19.296110279547204,0.5198363063194005,3378.777417834916,0.39088419961866294,1,NA,0.266,7.0665385267680465,NA,NA,NA,NA,NA
diabetes,19,b2,Random Forest,RF,baseline,37.85919182590837,57.371189121085095,20.201859825028674,0.539344918903968,3385.9026719229373,0.3895996803058972,NA,NA,NA,NA,NA,2,NA,NA,NA
diabetes,19,b3,XGBoost,XGB,baseline,36.36511637686885,54.99152696911397,19.5850203781744,0.5137181676188834,3119.135923657472,0.4376915849478338,NA,NA,NA,NA,NA,NA,100,0.05,3
diabetes,19,b4,Linear Regression,LR,baseline,37.00611746827108,55.13715043906407,19.97521937581555,0.5172080426996638,2972.2668714396164,0.46416869463274846,NA,NA,NA,NA,NA,NA,NA,NA,NA
diabetes,19,b5,WLS (1/y²),WLS,baseline,37.90204846707822,44.676136234422785,22.101258064528743,0.7409758824319079,6688.117219108941,-0.20571359671635814,NA,NA,NA,NA,NA,NA,NA,NA,NA
diabetes,19,b6,Log-SVR,Log-SVR,baseline,34.479162357691685,52.90850743436771,18.823080031622073,0.5370221227105134,3641.017285303646,0.34360838739085786,1,0.1,NA,0.224,NA,NA,NA,NA,NA
diabetes,19,b7a,QR (τ = 0.5),QR,baseline,37.14787053953227,54.381365340403455,20.170805493765368,0.5246265293127137,3013.532930835549,0.4567293739290945,NA,NA,NA,NA,NA,NA,NA,NA,NA
diabetes,20,m1,SVR-MAPE,SVR-MAPE,psvr,33.61069099260786,40.83399804614746,19.718279328926137,0.5834990833292909,4885.434500657804,0.17697418167373014,100,1,7.071,0.010000191803678796,NA,NA,NA,NA,NA
diabetes,20,m2,SVR-MAPE + Sym. Kernel,SVR-MAPE+SK,psvr,35.06738965133749,42.11075858993701,20.537935358348587,0.6054320521195348,5147.491398367606,0.13282670765547988,100,1,7.071,0.010000191803678796,odd,NA,NA,NA,NA
diabetes,20,m3a,LS-RMSPE (MAPE opt.),LS-RMSPE-M,psvr,43.003724410511055,48.08783576375229,25.029536133399755,0.8718611271952348,10907.177847109957,-0.8374801610868252,100,NA,2.236,0.10000608036968646,NA,NA,NA,NA,NA
diabetes,20,m3b,LS-RMSPE (RMSPE opt.),LS-RMSPE-R,psvr,43.003724410511055,48.08783576375229,25.029536133399755,0.8718611271952348,10907.177847109957,-0.8374801610868252,100,NA,2.236,0.10000608036968646,NA,NA,NA,NA,NA
diabetes,20,m4a,LS-RMSPE + Sym. Kernel (MAPE opt.),LS-RMSPE+SK-M,psvr,43.140099861662264,48.16980814895197,25.108056898931007,0.8746419333756971,10961.360743407831,-0.8466080948578831,100,NA,2.236,0.10000608036968646,odd,NA,NA,NA,NA
diabetes,20,m4b,LS-RMSPE + Sym. Kernel (RMSPE opt.),LS-RMSPE+SK-R,psvr,43.140099861662264,48.16980814895197,25.108056898931007,0.8746419333756971,10961.360743407831,-0.8466080948578831,100,NA,2.236,0.10000608036968646,odd,NA,NA,NA,NA
diabetes,20,b1,ε-SVR (MSE),SVR-MSE,baseline,40.1366284109165,57.230145564157475,21.54878019341107,0.5426838190299067,3837.723791779001,0.3534770011114011,1,NA,0.266,7.0665385267680465,NA,NA,NA,NA,NA
diabetes,20,b2,Random Forest,RF,baseline,42.52918280243729,57.74765274316628,23.006621616288434,0.5597267399147391,3808.2328384034604,0.3584452011828294,NA,NA,NA,NA,NA,2,NA,NA,NA
diabetes,20,b3,XGBoost,XGB,baseline,43.028137264509105,61.39415906001206,22.85195067441702,0.5644041251290335,4110.230120396585,0.30756916137281154,NA,NA,NA,NA,NA,NA,100,0.05,3
diabetes,20,b4,Linear Regression,LR,baseline,40.47072082082227,55.46700906101931,22.022528163914792,0.5360462200883853,3586.1122819611683,0.3958647905168772,NA,NA,NA,NA,NA,NA,NA,NA,NA
diabetes,20,b5,WLS (1/y²),WLS,baseline,35.77342361752171,41.38767794512893,21.117090085411924,0.6881700288341687,6906.4350611786185,-0.16349413080421482,NA,NA,NA,NA,NA,NA,NA,NA,NA
diabetes,20,b6,Log-SVR,Log-SVR,baseline,37.42810239008116,53.64049804767635,20.43724043388591,0.5402382500904087,4022.342498601104,0.3223751692804473,1,0.01,NA,0.224,NA,NA,NA,NA,NA
diabetes,20,b7a,QR (τ = 0.5),QR,baseline,40.22159393380921,55.12682059075678,21.93595477432189,0.5343963208941526,3573.617252009449,0.39796976853871746,NA,NA,NA,NA,NA,NA,NA,NA,NA
diabetes,21,m1,SVR-MAPE,SVR-MAPE,psvr,31.38630421149329,36.73276689676597,18.749783292435996,0.5859162782456259,4682.651189720453,0.14328192508334747,100,0.01,7.071,0.010000191803678796,NA,NA,NA,NA,NA
diabetes,21,m2,SVR-MAPE + Sym. Kernel,SVR-MAPE+SK,psvr,31.45749538879141,37.97392500873047,18.64201637140905,0.5736927204601303,4510.061517154775,0.17485820229048865,100,0.1,7.071,0.010000191803678796,odd,NA,NA,NA,NA
diabetes,21,m3a,LS-RMSPE (MAPE opt.),LS-RMSPE-M,psvr,41.67330329430437,47.61241459826856,24.177663402104823,0.8230535974700597,9241.964488533074,-0.6908707704826504,100,NA,2.236,0.10000608036968646,NA,NA,NA,NA,NA
diabetes,21,m3b,LS-RMSPE (RMSPE opt.),LS-RMSPE-R,psvr,41.67330329430437,47.61241459826856,24.177663402104823,0.8230535974700597,9241.964488533074,-0.6908707704826504,100,NA,2.236,0.10000608036968646,NA,NA,NA,NA,NA
diabetes,21,m4a,LS-RMSPE + Sym. Kernel (MAPE opt.),LS-RMSPE+SK-M,psvr,41.76312304756282,47.712940613325145,24.222187557030114,0.8248513180179632,9276.278816922395,-0.6971487750080123,100,NA,2.236,0.10000608036968646,odd,NA,NA,NA,NA
diabetes,21,m4b,LS-RMSPE + Sym. Kernel (RMSPE opt.),LS-RMSPE+SK-R,psvr,41.76312304756282,47.712940613325145,24.222187557030114,0.8248513180179632,9276.278816922395,-0.6971487750080123,100,NA,2.236,0.10000608036968646,odd,NA,NA,NA,NA
diabetes,21,b1,ε-SVR (MSE),SVR-MSE,baseline,37.84282855112864,53.321627449025655,20.603626035018184,0.5240016803498387,3550.4014832891785,0.35043354699961815,1,NA,0.266,7.0665385267680465,NA,NA,NA,NA,NA
diabetes,21,b2,Random Forest,RF,baseline,35.596536451510666,48.63689850066169,19.8280873585351,0.4931728111077322,3055.036101571436,0.44106350404984895,NA,NA,NA,NA,NA,5,NA,NA,NA
diabetes,21,b3,XGBoost,XGB,baseline,33.224243250947296,44.562136631231155,18.87771254532047,0.47462835345605375,2851.271692216653,0.4783433793696633,NA,NA,NA,NA,NA,NA,100,0.05,3
diabetes,21,b4,Linear Regression,LR,baseline,33.597963539411765,48.165499120704155,18.61704058851415,0.46776677201976685,2655.103687339639,0.514233448625176,NA,NA,NA,NA,NA,NA,NA,NA,NA
diabetes,21,b5,WLS (1/y²),WLS,baseline,36.15120513233332,42.33788623436296,21.255229766899674,0.688242125068391,6479.457896695319,-0.18545423753668633,NA,NA,NA,NA,NA,NA,NA,NA,NA
diabetes,21,b6,Log-SVR,Log-SVR,baseline,36.09452195596764,48.30187649187421,20.242334839692482,0.5323361581812723,3793.0634664557538,0.30603713593865756,1,0.01,NA,0.224,NA,NA,NA,NA,NA
diabetes,21,b7a,QR (τ = 0.5),QR,baseline,33.94225837025625,48.127981393335816,18.849508539983844,0.47856579608885713,2802.438330523465,0.48727772487746823,NA,NA,NA,NA,NA,NA,NA,NA,NA
diabetes,22,m1,SVR-MAPE,SVR-MAPE,psvr,34.3625570404004,41.475420348946926,20.143217407184686,0.5719745738551566,4289.004132558029,0.2323076993616089,100,0.01,7.071,0.010000191803678796,NA,NA,NA,NA,NA
diabetes,22,m2,SVR-MAPE + Sym. Kernel,SVR-MAPE+SK,psvr,36.684230258088554,45.727319565904814,21.07414394040725,0.5894410855004892,4463.744614364425,0.20103075992611208,100,0.01,2.236,0.10000608036968646,odd,NA,NA,NA,NA
diabetes,22,m3a,LS-RMSPE (MAPE opt.),LS-RMSPE-M,psvr,43.645538033684595,50.18618544402811,25.08995977541783,0.8113424976574216,8846.739006933967,-0.5834849329767218,100,NA,2.236,0.10000608036968646,NA,NA,NA,NA,NA
diabetes,22,m3b,LS-RMSPE (RMSPE opt.),LS-RMSPE-R,psvr,43.645538033684595,50.18618544402811,25.08995977541783,0.8113424976574216,8846.739006933967,-0.5834849329767218,100,NA,2.236,0.10000608036968646,NA,NA,NA,NA,NA
diabetes,22,m4a,LS-RMSPE + Sym. Kernel (MAPE opt.),LS-RMSPE+SK-M,psvr,43.603830494927756,50.15534785150466,25.068640069451074,0.8125316171290117,8887.738109032101,-0.5908233952493269,100,NA,2.236,0.10000608036968646,odd,NA,NA,NA,NA
diabetes,22,m4b,LS-RMSPE + Sym. Kernel (RMSPE opt.),LS-RMSPE+SK-R,psvr,43.603830494927756,50.15534785150466,25.068640069451074,0.8125316171290117,8887.738109032101,-0.5908233952493269,100,NA,2.236,0.10000608036968646,odd,NA,NA,NA,NA
diabetes,22,b1,ε-SVR (MSE),SVR-MSE,baseline,47.64665182629657,68.98029812041356,24.11037982738425,0.5887358500275353,4179.857221839222,0.2518439927312587,1,NA,0.266,7.0665385267680465,NA,NA,NA,NA,NA
diabetes,22,b2,Random Forest,RF,baseline,44.53659672898426,57.96840913469661,24.254910569751722,0.5796069462116693,3716.9300120931093,0.3347037064770103,NA,NA,NA,NA,NA,3,NA,NA,NA
diabetes,22,b3,XGBoost,XGB,baseline,43.82127314660884,56.07364107925328,24.11337853963062,0.5830653723813998,3746.391267910953,0.3294304125935169,NA,NA,NA,NA,NA,NA,100,0.05,3
diabetes,22,b4,Linear Regression,LR,baseline,42.06890428863835,58.470677173681295,22.66813624550224,0.5474468547095286,3293.5947573072317,0.41047682434856625,NA,NA,NA,NA,NA,NA,NA,NA,NA
diabetes,22,b5,WLS (1/y²),WLS,baseline,35.354287066583595,41.97170252340818,20.760917489216993,0.6625229272945473,6108.918656035787,-0.09344026550700701,NA,NA,NA,NA,NA,NA,NA,NA,NA
diabetes,22,b6,Log-SVR,Log-SVR,baseline,44.0058690642551,60.91658859381518,23.27789274164158,0.5903969644892821,4428.62294580897,0.20731721563990402,1,0.01,NA,0.224,NA,NA,NA,NA,NA
diabetes,22,b7a,QR (τ = 0.5),QR,baseline,43.49114355613895,61.447251745906165,23.116583692941802,0.5518360972052869,3318.44045511624,0.4060296729067726,NA,NA,NA,NA,NA,NA,NA,NA,NA
diabetes,23,m1,SVR-MAPE,SVR-MAPE,psvr,35.040019123402914,43.215208048907314,20.368484038455325,0.6707151638654995,4875.019560316195,0.072283020530156,100,0.01,7.071,0.010000191803678796,NA,NA,NA,NA,NA
diabetes,23,m2,SVR-MAPE + Sym. Kernel,SVR-MAPE+SK,psvr,35.4387077710151,43.78019034669984,20.565136711252432,0.6777960468907461,4944.95121800622,0.05897501521062409,100,0.1,7.071,0.010000191803678796,odd,NA,NA,NA,NA
diabetes,23,m3a,LS-RMSPE (MAPE opt.),LS-RMSPE-M,psvr,46.93766047559701,51.20957682340179,27.151960825024577,1.0011079588508598,10772.112223596328,-1.049934629172399,100,NA,2.236,0.10000608036968646,NA,NA,NA,NA,NA
diabetes,23,m3b,LS-RMSPE (RMSPE opt.),LS-RMSPE-R,psvr,46.93766047559701,51.20957682340179,27.151960825024577,1.0011079588508598,10772.112223596328,-1.049934629172399,100,NA,2.236,0.10000608036968646,NA,NA,NA,NA,NA
diabetes,23,m4a,LS-RMSPE + Sym. Kernel (MAPE opt.),LS-RMSPE+SK-M,psvr,47.0291698651418,51.26265927147059,27.205930353726906,1.0026539503189535,10800.845449434444,-1.055402566511964,100,NA,2.236,0.10000608036968646,odd,NA,NA,NA,NA
diabetes,23,m4b,LS-RMSPE + Sym. Kernel (RMSPE opt.),LS-RMSPE+SK-R,psvr,47.0291698651418,51.26265927147059,27.205930353726906,1.0026539503189535,10800.845449434444,-1.055402566511964,100,NA,2.236,0.10000608036968646,odd,NA,NA,NA,NA
diabetes,23,b1,ε-SVR (MSE),SVR-MSE,baseline,35.01099974039976,59.90432199450688,18.13677497719821,0.5281956999797729,3264.7478738350082,0.3787179725596088,1,NA,0.266,7.0665385267680465,NA,NA,NA,NA,NA
diabetes,23,b2,Random Forest,RF,baseline,35.75104513077245,54.98883382423128,19.116268437959437,0.5288264746882809,3088.601183968726,0.4122387149985909,NA,NA,NA,NA,NA,3,NA,NA,NA
diabetes,23,b3,XGBoost,XGB,baseline,36.671975328940235,55.9331620732586,19.684729771818034,0.5529749398298848,3327.5934508098794,0.36675844950071357,NA,NA,NA,NA,NA,NA,100,0.05,3
diabetes,23,b4,Linear Regression,LR,baseline,33.83473304988583,52.85438868346739,18.272269393730518,0.5076650018549015,2767.1139571435533,0.4734177841937597,NA,NA,NA,NA,NA,NA,NA,NA,NA
diabetes,23,b5,WLS (1/y²),WLS,baseline,38.59803889969406,44.20043549970419,22.639639190749573,0.7833908514679325,6673.500273762511,-0.2699681385615975,NA,NA,NA,NA,NA,NA,NA,NA,NA
diabetes,23,b6,Log-SVR,Log-SVR,baseline,34.526399293752455,58.75791063611599,18.035035190638787,0.5484357635801972,3587.1399484678045,0.317366710686117,1,0.01,NA,0.224,NA,NA,NA,NA,NA
diabetes,23,b7a,QR (τ = 0.5),QR,baseline,34.84365847742234,53.012887554196986,18.938226488715923,0.5322394102159435,2944.1499659440565,0.4397278042234748,NA,NA,NA,NA,NA,NA,NA,NA,NA
diabetes,24,m1,SVR-MAPE,SVR-MAPE,psvr,41.69586462245959,60.64510535372373,22.234869973532252,0.5799816861738244,4173.978592622716,0.3235398797989265,100,0.1,7.071,0.010000191803678796,NA,NA,NA,NA,NA
diabetes,24,m2,SVR-MAPE + Sym. Kernel,SVR-MAPE+SK,psvr,42.979230617949874,65.53283320833042,22.43656265728884,0.5850386622394381,4247.4387496335175,0.3116344841341414,100,0.1,7.071,0.010000191803678796,odd,NA,NA,NA,NA
diabetes,24,m3a,LS-RMSPE (MAPE opt.),LS-RMSPE-M,psvr,46.73889033009901,56.26301376959696,26.172097793689453,0.7978683208249417,8539.015498814093,-0.38388430188308065,100,NA,2.236,0.10000608036968646,NA,NA,NA,NA,NA
diabetes,24,m3b,LS-RMSPE (RMSPE opt.),LS-RMSPE-R,psvr,46.73889033009901,56.26301376959696,26.172097793689453,0.7978683208249417,8539.015498814093,-0.38388430188308065,100,NA,2.236,0.10000608036968646,NA,NA,NA,NA,NA
diabetes,24,m4a,LS-RMSPE + Sym. Kernel (MAPE opt.),LS-RMSPE+SK-M,psvr,46.73574330723861,56.20419483532346,26.178933029990926,0.7991762890343641,8570.738207800183,-0.3890254752402609,100,NA,2.236,0.10000608036968646,odd,NA,NA,NA,NA
diabetes,24,m4b,LS-RMSPE + Sym. Kernel (RMSPE opt.),LS-RMSPE+SK-R,psvr,46.73574330723861,56.20419483532346,26.178933029990926,0.7991762890343641,8570.738207800183,-0.3890254752402609,100,NA,2.236,0.10000608036968646,odd,NA,NA,NA,NA
diabetes,24,b1,ε-SVR (MSE),SVR-MSE,baseline,53.11022137618456,89.23796696637358,24.946664227248153,0.5814083113039656,3936.9349631753066,0.3619565986465757,1,NA,0.266,7.0665385267680465,NA,NA,NA,NA,NA
diabetes,24,b2,Random Forest,RF,baseline,50.88970816020305,79.85471437972572,24.77325522989939,0.5463695164575962,3297.1671887888633,0.4656412189575513,NA,NA,NA,NA,NA,3,NA,NA,NA
diabetes,24,b3,XGBoost,XGB,baseline,50.314776042024874,78.13886887973264,24.71469463759273,0.5520708393548,3415.272323624419,0.4465003891870222,NA,NA,NA,NA,NA,NA,100,0.05,3
diabetes,24,b4,Linear Regression,LR,baseline,49.28752297119171,86.11645687093906,22.893789596284638,0.5166312319845486,3272.1220402224476,0.46970018663880286,NA,NA,NA,NA,NA,NA,NA,NA,NA
diabetes,24,b5,WLS (1/y²),WLS,baseline,42.152857141027575,57.53203172486512,22.960830286694065,0.6498536659518964,5401.658058706675,0.12457474838609017,NA,NA,NA,NA,NA,NA,NA,NA,NA
diabetes,24,b6,Log-SVR,Log-SVR,baseline,52.80884411958765,93.63186658111874,24.41262604900563,0.5859477916786284,4291.877909003907,0.3044324062072301,1,0.01,NA,0.224,NA,NA,NA,NA,NA
diabetes,24,b7a,QR (τ = 0.5),QR,baseline,51.080319647005886,89.9065532235246,23.509918297712467,0.536769883206007,3497.10202938822,0.43323857402226895,NA,NA,NA,NA,NA,NA,NA,NA,NA
diabetes,25,m1,SVR-MAPE,SVR-MAPE,psvr,34.6488503693976,45.33211232286874,19.744625002442795,0.5607225866997749,3903.123751257541,0.3166097805502077,100,1,7.071,0.010000191803678796,NA,NA,NA,NA,NA
diabetes,25,m2,SVR-MAPE + Sym. Kernel,SVR-MAPE+SK,psvr,36.76910129345529,46.30670744287722,21.02151571749002,0.5956523955433861,4156.320834764447,0.272278003878745,100,0.01,2.236,0.10000608036968646,odd,NA,NA,NA,NA
diabetes,25,m3a,LS-RMSPE (MAPE opt.),LS-RMSPE-M,psvr,39.644450141730864,46.76616086835036,22.932313416435598,0.8028331435489598,8896.439445560914,-0.5576599904281385,100,NA,2.236,0.10000608036968646,NA,NA,NA,NA,NA
diabetes,25,m3b,LS-RMSPE (RMSPE opt.),LS-RMSPE-R,psvr,39.644450141730864,46.76616086835036,22.932313416435598,0.8028331435489598,8896.439445560914,-0.5576599904281385,100,NA,2.236,0.10000608036968646,NA,NA,NA,NA,NA
diabetes,25,m4a,LS-RMSPE + Sym. Kernel (MAPE opt.),LS-RMSPE+SK-M,psvr,39.662646031073464,46.8604359526615,22.93180969876585,0.8037605239455323,8920.792708254132,-0.5619239550361976,100,NA,2.236,0.10000608036968646,odd,NA,NA,NA,NA
diabetes,25,m4b,LS-RMSPE + Sym. Kernel (RMSPE opt.),LS-RMSPE+SK-R,psvr,39.662646031073464,46.8604359526615,22.93180969876585,0.8037605239455323,8920.792708254132,-0.5619239550361976,100,NA,2.236,0.10000608036968646,odd,NA,NA,NA,NA
diabetes,25,b1,ε-SVR (MSE),SVR-MSE,baseline,44.0432700883531,65.44205844087526,22.81573252923084,0.5662112972561785,3617.8679852149353,0.3665546485530138,1,NA,0.266,7.0665385267680465,NA,NA,NA,NA,NA
diabetes,25,b2,Random Forest,RF,baseline,46.19128543702532,65.03178348518675,23.92771024932251,0.5684773719941048,3435.417403917572,0.3984995600489343,NA,NA,NA,NA,NA,2,NA,NA,NA
diabetes,25,b3,XGBoost,XGB,baseline,46.02031850768359,64.28847325652947,23.943126718134852,0.5824685403537431,3711.0996015265905,0.3502309092120941,NA,NA,NA,NA,NA,NA,100,0.05,3
diabetes,25,b4,Linear Regression,LR,baseline,43.085713518843264,61.82446962886519,22.590539658931807,0.5403300437452854,3226.4684355320046,0.4350840217413964,NA,NA,NA,NA,NA,NA,NA,NA,NA
diabetes,25,b5,WLS (1/y²),WLS,baseline,37.37412008800221,44.70859356777405,21.692843735546433,0.6549868306220578,5199.668794626156,0.08960027273515458,NA,NA,NA,NA,NA,NA,NA,NA,NA
diabetes,25,b6,Log-SVR,Log-SVR,baseline,40.64854770124657,63.67261100827841,21.039419702498982,0.538194616681022,3624.617015588294,0.36537297417068426,1,0.01,NA,0.224,NA,NA,NA,NA,NA
diabetes,25,b7a,QR (τ = 0.5),QR,baseline,42.36157207520675,61.1034522065929,22.32842093787175,0.5381897575296766,3198.8255944791167,0.4399239521195357,NA,NA,NA,NA,NA,NA,NA,NA,NA
diabetes,26,m1,SVR-MAPE,SVR-MAPE,psvr,30.69592312477608,39.45943914699336,17.916817159412357,0.5320937373305918,3715.7963721378565,0.3631435141294803,100,1,7.071,0.010000191803678796,NA,NA,NA,NA,NA
diabetes,26,m2,SVR-MAPE + Sym. Kernel,SVR-MAPE+SK,psvr,33.834379032814134,43.75632903834152,19.442951206538385,0.5831917353125214,4406.642097584433,0.24473832263793383,100,1,2.236,0.10000608036968646,odd,NA,NA,NA,NA
diabetes,26,m3a,LS-RMSPE (MAPE opt.),LS-RMSPE-M,psvr,41.65238981701841,48.03048818025638,24.10155481139919,0.8362776385304643,9262.690285871071,-0.5875478078937086,100,NA,2.236,0.10000608036968646,NA,NA,NA,NA,NA
diabetes,26,m3b,LS-RMSPE (RMSPE opt.),LS-RMSPE-R,psvr,41.65238981701841,48.03048818025638,24.10155481139919,0.8362776385304643,9262.690285871071,-0.5875478078937086,100,NA,2.236,0.10000608036968646,NA,NA,NA,NA,NA
diabetes,26,m4a,LS-RMSPE + Sym. Kernel (MAPE opt.),LS-RMSPE+SK-M,psvr,41.59713095230712,48.06985896057706,24.057380161553517,0.8375318373556306,9316.57118648422,-0.5967825445647836,100,NA,2.236,0.10000608036968646,odd,NA,NA,NA,NA
diabetes,26,m4b,LS-RMSPE + Sym. Kernel (RMSPE opt.),LS-RMSPE+SK-R,psvr,41.59713095230712,48.06985896057706,24.057380161553517,0.8375318373556306,9316.57118648422,-0.5967825445647836,100,NA,2.236,0.10000608036968646,odd,NA,NA,NA,NA
diabetes,26,b1,ε-SVR (MSE),SVR-MSE,baseline,37.81501260855736,54.50090196259123,20.314159274679692,0.5071913142347404,3233.8398940370676,0.4457468320312109,1,NA,0.266,7.0665385267680465,NA,NA,NA,NA,NA
diabetes,26,b2,Random Forest,RF,baseline,37.98186352221408,56.02862244220557,20.20913571003602,0.4840036655036706,2828.970263222194,0.5151381076807175,NA,NA,NA,NA,NA,2,NA,NA,NA
diabetes,26,b3,XGBoost,XGB,baseline,37.21441363119801,56.91506045915832,19.599406144860186,0.4738255920277949,3012.0518346957424,0.48375945434261414,NA,NA,NA,NA,NA,NA,100,0.05,3
diabetes,26,b4,Linear Regression,LR,baseline,33.696771191653625,53.22063360216534,17.92634466970068,0.4334265611064895,2371.189394078598,0.5935979279786223,NA,NA,NA,NA,NA,NA,NA,NA,NA
diabetes,26,b5,WLS (1/y²),WLS,baseline,34.80162733939318,42.10235451085234,20.34490209182802,0.6466016984022029,5362.446784510542,0.08092137651606746,NA,NA,NA,NA,NA,NA,NA,NA,NA
diabetes,26,b6,Log-SVR,Log-SVR,baseline,37.207388767413086,52.166402336952125,20.306913337801518,0.5286672646210857,3692.1120375041633,0.3672028114144704,1,0.01,NA,0.224,NA,NA,NA,NA,NA
diabetes,26,b7a,QR (τ = 0.5),QR,baseline,32.78832209247885,51.531546729898345,17.56421749257954,0.420757857066621,2290.876100803667,0.6073629561452045,NA,NA,NA,NA,NA,NA,NA,NA,NA
diabetes,27,m1,SVR-MAPE,SVR-MAPE,psvr,32.932561222204,41.059169199467156,19.20708915160571,0.5184835722346335,3653.7492983010534,0.3414704995065664,100,0.01,7.071,0.010000191803678796,NA,NA,NA,NA,NA
diabetes,27,m2,SVR-MAPE + Sym. Kernel,SVR-MAPE+SK,psvr,31.711523005311744,40.879040434810904,18.422122194023757,0.5026304863678457,3615.3118372360914,0.3483982331765023,100,1,7.071,0.010000191803678796,odd,NA,NA,NA,NA
diabetes,27,m3a,LS-RMSPE (MAPE opt.),LS-RMSPE-M,psvr,41.8713123858386,47.922369865159695,24.27353012043085,0.7807016007214668,8765.16159698193,-0.5797792943507916,100,NA,2.236,0.10000608036968646,NA,NA,NA,NA,NA
diabetes,27,m3b,LS-RMSPE (RMSPE opt.),LS-RMSPE-R,psvr,41.8713123858386,47.922369865159695,24.27353012043085,0.7807016007214668,8765.16159698193,-0.5797792943507916,100,NA,2.236,0.10000608036968646,NA,NA,NA,NA,NA
diabetes,27,m4a,LS-RMSPE + Sym. Kernel (MAPE opt.),LS-RMSPE+SK-M,psvr,41.67753181563089,47.66081889114825,24.18593724038052,0.7807333674754043,8801.904567598216,-0.5864016233917682,100,NA,2.236,0.10000608036968646,odd,NA,NA,NA,NA
diabetes,27,m4b,LS-RMSPE + Sym. Kernel (RMSPE opt.),LS-RMSPE+SK-R,psvr,41.67753181563089,47.66081889114825,24.18593724038052,0.7807333674754043,8801.904567598216,-0.5864016233917682,100,NA,2.236,0.10000608036968646,odd,NA,NA,NA,NA
diabetes,27,b1,ε-SVR (MSE),SVR-MSE,baseline,47.50025778181138,70.02744354040385,23.949428631196035,0.5466167999605459,3849.0032748943263,0.3062791130216991,1,NA,0.266,7.0665385267680465,NA,NA,NA,NA,NA
diabetes,27,b2,Random Forest,RF,baseline,42.87186227981149,59.69179653313189,22.827307173285323,0.5154284346365746,3058.91934624201,0.4486790240186659,NA,NA,NA,NA,NA,2,NA,NA,NA
diabetes,27,b3,XGBoost,XGB,baseline,44.82198156438915,64.79569141910068,23.386417434389447,0.5491952308851754,3579.408138137154,0.3548692970353401,NA,NA,NA,NA,NA,NA,100,0.1,3
diabetes,27,b4,Linear Regression,LR,baseline,37.73520216541964,56.02703689762826,20.08662602283652,0.4693729194510865,2716.0139872877357,0.5104821955864798,NA,NA,NA,NA,NA,NA,NA,NA,NA
diabetes,27,b5,WLS (1/y²),WLS,baseline,33.91886528915518,38.7896034828184,20.22830913108102,0.6115246331441785,5311.617635345436,0.04266641670171478,NA,NA,NA,NA,NA,NA,NA,NA,NA
diabetes,27,b6,Log-SVR,Log-SVR,baseline,44.514104941831135,70.58839057379073,22.15143647148716,0.525591499485875,4123.292122825038,0.2568429631187159,1,0.01,NA,0.224,NA,NA,NA,NA,NA
diabetes,27,b7a,QR (τ = 0.5),QR,baseline,39.92236231243215,59.63958246604316,20.947380962641965,0.49096872137520736,2988.929993454938,0.461293478314192,NA,NA,NA,NA,NA,NA,NA,NA,NA
diabetes,28,m1,SVR-MAPE,SVR-MAPE,psvr,33.636129440920286,44.85718058107502,19.160986852372403,0.4199341782864104,3007.0982993479843,0.32720985054604024,100,0.1,7.071,0.010000191803678796,NA,NA,NA,NA,NA
diabetes,28,m2,SVR-MAPE + Sym. Kernel,SVR-MAPE+SK,psvr,35.437027999698316,45.68148475172117,20.252967500477382,0.46037560763645946,3681.2179270863203,0.17638636559569398,10,1,2.236,0.10000608036968646,odd,NA,NA,NA,NA
diabetes,28,m3a,LS-RMSPE (MAPE opt.),LS-RMSPE-M,psvr,41.54544740455295,49.45894310055086,23.76459451500885,0.5852182211132997,6068.894359483613,-0.3578180480573554,100,NA,2.236,0.10000608036968646,NA,NA,NA,NA,NA
diabetes,28,m3b,LS-RMSPE (RMSPE opt.),LS-RMSPE-R,psvr,41.54544740455295,49.45894310055086,23.76459451500885,0.5852182211132997,6068.894359483613,-0.3578180480573554,100,NA,2.236,0.10000608036968646,NA,NA,NA,NA,NA
diabetes,28,m4a,LS-RMSPE + Sym. Kernel (MAPE opt.),LS-RMSPE+SK-M,psvr,41.56487694257702,49.48374366036715,23.774302684670992,0.5865051296672871,6102.263389854037,-0.36528383490407035,100,NA,2.236,0.10000608036968646,odd,NA,NA,NA,NA
diabetes,28,m4b,LS-RMSPE + Sym. Kernel (RMSPE opt.),LS-RMSPE+SK-R,psvr,41.56487694257702,49.48374366036715,23.774302684670992,0.5865051296672871,6102.263389854037,-0.36528383490407035,100,NA,2.236,0.10000608036968646,odd,NA,NA,NA,NA
diabetes,28,b1,ε-SVR (MSE),SVR-MSE,baseline,49.90529140603378,82.38107464596418,23.381664159448537,0.4636021687360997,3883.0779224882863,0.13122342013936772,1,NA,0.266,7.0665385267680465,NA,NA,NA,NA,NA
diabetes,28,b2,Random Forest,RF,baseline,49.07942474184235,72.02626774175033,24.670622938195592,0.4630765571083119,3141.7810692053436,0.29707673488405706,NA,NA,NA,NA,NA,3,NA,NA,NA
diabetes,28,b3,XGBoost,XGB,baseline,45.16269544716631,65.17807365926393,23.479593090049416,0.45320532823888704,3131.02615513872,0.29948297489417475,NA,NA,NA,NA,NA,NA,100,0.05,3
diabetes,28,b4,Linear Regression,LR,baseline,42.12758862306274,65.62714145635866,21.507643891767817,0.40839712009210083,2589.996715080422,0.4205296589732217,NA,NA,NA,NA,NA,NA,NA,NA,NA
diabetes,28,b5,WLS (1/y²),WLS,baseline,34.955073546325124,43.794684776208,20.209922886177313,0.47365266846068904,3980.9912415244844,0.10931688101419834,NA,NA,NA,NA,NA,NA,NA,NA,NA
diabetes,28,b6,Log-SVR,Log-SVR,baseline,46.24403794416796,80.57608836601595,21.69849687112731,0.45011717329753415,4134.653294043444,0.07493745440814137,1,0.01,NA,0.224,NA,NA,NA,NA,NA
diabetes,28,b7a,QR (τ = 0.5),QR,baseline,42.67461454040041,66.47174431460155,21.773375630670888,0.41552651766653576,2702.0368555445866,0.39546246949555397,NA,NA,NA,NA,NA,NA,NA,NA,NA
diabetes,29,m1,SVR-MAPE,SVR-MAPE,psvr,34.12964433881596,44.81562367434876,19.522275510172246,0.5062372013304819,3395.5910257720366,0.4035555470493486,100,1,2.236,0.10000608036968646,NA,NA,NA,NA,NA
diabetes,29,m2,SVR-MAPE + Sym. Kernel,SVR-MAPE+SK,psvr,32.206211284764485,41.965086025355845,18.644536889212038,0.5437057111117984,4080.1075190457564,0.28331843301895265,100,0.01,7.071,0.010000191803678796,odd,NA,NA,NA,NA
diabetes,29,m3a,LS-RMSPE (MAPE opt.),LS-RMSPE-M,psvr,44.8584190784989,49.96481500512433,25.960980270785303,0.8521794185923677,9663.849435446185,-0.6974804522024685,100,NA,2.236,0.10000608036968646,NA,NA,NA,NA,NA
diabetes,29,m3b,LS-RMSPE (RMSPE opt.),LS-RMSPE-R,psvr,44.8584190784989,49.96481500512433,25.960980270785303,0.8521794185923677,9663.849435446185,-0.6974804522024685,100,NA,2.236,0.10000608036968646,NA,NA,NA,NA,NA
diabetes,29,m4a,LS-RMSPE + Sym. Kernel (MAPE opt.),LS-RMSPE+SK-M,psvr,44.91856793973435,49.99013002574065,25.997630602868945,0.854272154298584,9712.242942048835,-0.7059808983259583,100,NA,2.236,0.10000608036968646,odd,NA,NA,NA,NA
diabetes,29,m4b,LS-RMSPE + Sym. Kernel (RMSPE opt.),LS-RMSPE+SK-R,psvr,44.91856793973435,49.99013002574065,25.997630602868945,0.854272154298584,9712.242942048835,-0.7059808983259583,100,NA,2.236,0.10000608036968646,odd,NA,NA,NA,NA
diabetes,29,b1,ε-SVR (MSE),SVR-MSE,baseline,40.42987076410825,64.32748128375016,20.539077634800638,0.4798312656086498,3165.6572672276466,0.44394401367828096,1,NA,0.266,7.0665385267680465,NA,NA,NA,NA,NA
diabetes,29,b2,Random Forest,RF,baseline,39.356643800549776,59.047658638133306,20.69041546404215,0.4734510699213739,2840.8701138955207,0.5009937274171534,NA,NA,NA,NA,NA,2,NA,NA,NA
diabetes,29,b3,XGBoost,XGB,baseline,37.034669143521356,55.12886521512008,19.926054067680493,0.4652921338074053,2711.1298904342902,0.5237829373133702,NA,NA,NA,NA,NA,NA,100,0.05,3
diabetes,29,b4,Linear Regression,LR,baseline,34.773835329780425,54.73874605094833,18.54582989028951,0.4421585774524797,2400.3444979255632,0.5783732051085843,NA,NA,NA,NA,NA,NA,NA,NA,NA
diabetes,29,b5,WLS (1/y²),WLS,baseline,36.52477529116103,42.61575126922325,21.448372327805433,0.6455585666217672,5472.844785292792,0.03868048617379927,NA,NA,NA,NA,NA,NA,NA,NA,NA
diabetes,29,b6,Log-SVR,Log-SVR,baseline,37.76869234439506,56.00671466230419,20.151373107336543,0.49452838998405396,3354.4334272906085,0.4107849869685558,1,0.1,NA,0.224,NA,NA,NA,NA,NA
diabetes,29,b7a,QR (τ = 0.5),QR,baseline,35.10460204177748,54.31051392031038,18.836365722978094,0.4547129889940773,2535.3067089188826,0.5546667394317826,NA,NA,NA,NA,NA,NA,NA,NA,NA
diabetes,30,m1,SVR-MAPE,SVR-MAPE,psvr,31.48479821529973,39.41896390182809,18.440034985683607,0.43498722079955887,2603.9144457109337,0.4939547632048701,100,0.01,7.071,0.010000191803678796,NA,NA,NA,NA,NA
diabetes,30,m2,SVR-MAPE + Sym. Kernel,SVR-MAPE+SK,psvr,34.066145298849285,45.52607930217714,19.298838170704165,0.45599558384357214,2958.697432478319,0.4250061689661808,100,0.1,2.236,0.10000608036968646,odd,NA,NA,NA,NA
diabetes,30,m3a,LS-RMSPE (MAPE opt.),LS-RMSPE-M,psvr,41.305629414079824,48.504727967716825,23.771420143403848,0.6666633286618315,6870.847710125693,-0.33528187232915596,100,NA,2.236,0.10000608036968646,NA,NA,NA,NA,NA
diabetes,30,m3b,LS-RMSPE (RMSPE opt.),LS-RMSPE-R,psvr,41.305629414079824,48.504727967716825,23.771420143403848,0.6666633286618315,6870.847710125693,-0.33528187232915596,100,NA,2.236,0.10000608036968646,NA,NA,NA,NA,NA
diabetes,30,m4a,LS-RMSPE + Sym. Kernel (MAPE opt.),LS-RMSPE+SK-M,psvr,41.37962922656352,48.639436643824126,23.799390358193403,0.6679598029365127,6900.384125165193,-0.34102198493821767,100,NA,2.236,0.10000608036968646,odd,NA,NA,NA,NA
diabetes,30,m4b,LS-RMSPE + Sym. Kernel (RMSPE opt.),LS-RMSPE+SK-R,psvr,41.37962922656352,48.639436643824126,23.799390358193403,0.6679598029365127,6900.384125165193,-0.34102198493821767,100,NA,2.236,0.10000608036968646,odd,NA,NA,NA,NA
diabetes,30,b1,ε-SVR (MSE),SVR-MSE,baseline,46.15327497154962,65.63497351337475,23.69203526895007,0.48007026585677237,3108.654255920273,0.39586353090726767,1,NA,0.266,7.0665385267680465,NA,NA,NA,NA,NA
diabetes,30,b2,Random Forest,RF,baseline,45.940166983879166,61.71029330065932,24.32480377824542,0.4713063303486028,2675.2028735961676,0.48010055634743765,NA,NA,NA,NA,NA,3,NA,NA,NA
diabetes,30,b3,XGBoost,XGB,baseline,43.69720741441178,59.30390564856973,23.35216266480715,0.4601373993895851,2588.0470697945284,0.4970384321081095,NA,NA,NA,NA,NA,NA,100,0.05,3
diabetes,30,b4,Linear Regression,LR,baseline,41.74083463008307,58.64158852036114,22.24001656804503,0.4384986278562879,2409.8476241382355,0.5316697468283129,NA,NA,NA,NA,NA,NA,NA,NA,NA
diabetes,30,b5,WLS (1/y²),WLS,baseline,32.94752091793588,38.940063663796344,19.546051938179495,0.518266035175345,4050.3905123170334,0.21284632477292997,NA,NA,NA,NA,NA,NA,NA,NA,NA
diabetes,30,b6,Log-SVR,Log-SVR,baseline,42.040413617113735,59.68290531416201,22.14954376502254,0.4750977160413868,3195.179862666985,0.3790481277640866,1,0.1,NA,0.224,NA,NA,NA,NA,NA
diabetes,30,b7a,QR (τ = 0.5),QR,baseline,42.67043347853478,60.142034547751045,22.544684930465852,0.44323131670178306,2450.9917954573752,0.5236737806197348,NA,NA,NA,NA,NA,NA,NA,NA,NA
